date,cash,portfolio_value,n_positions,n_trades
2023-01-03,24446.32609549444,1030751.2483314945,5,5
2023-01-04,33166.7294870707,1039594.7658810708,5,10
2023-01-05,25289.58333600388,1033129.8946270039,3,8
2023-01-06,15988.920574349788,1040272.9946883498,5,6
2023-01-09,16319.812908792577,1002492.4095787926,5,8
2023-01-10,17350.79161940716,1012313.5888194072,5,8
2023-01-11,22687.550698614097,1086943.5506986142,1,6
2023-01-12,1052484.7666986142,1052484.7666986142,0,1
2023-01-13,1052484.7666986142,1052484.7666986142,0,0
2023-01-16,23835.196697525535,1087180.3691805257,5,5
2023-01-17,1108521.1989372652,1108521.1989372652,0,5
2023-01-18,22378.280507914256,1119146.4892819142,1,1
2023-01-19,23689.433446670242,1128170.4725506702,5,6
2023-01-20,23541.420217204373,1136959.0242622045,5,10
2023-01-30,1145626.9615959986,1145626.9615959986,0,5
2023-01-31,23839.281663431582,1155008.5934294316,5,5
2023-02-01,24557.7189453732,1192083.0237793732,5,10
2023-02-02,25850.25985659563,1172529.8944185956,5,10
2023-02-03,28076.61074760536,1159844.0013626053,5,10
2023-02-06,23627.7366858006,1143348.7366858006,1,6
2023-02-07,1254636.1752208006,1254636.1752208006,0,1
2023-02-08,1254636.1752208006,1254636.1752208006,0,0
2023-02-09,1254636.1752208006,1254636.1752208006,0,0
2023-02-10,1254636.1752208006,1254636.1752208006,0,0
2023-02-13,1254636.1752208006,1254636.1752208006,0,0
2023-02-14,1254636.1752208006,1254636.1752208006,0,0
2023-02-15,1254636.1752208006,1254636.1752208006,0,0
2023-02-16,1254636.1752208006,1254636.1752208006,0,0
2023-02-17,1254636.1752208006,1254636.1752208006,0,0
2023-02-20,25221.683870800538,1254531.6838708005,1,1
2023-02-21,1317360.3402958005,1317360.3402958005,0,1
2023-02-22,1317360.3402958005,1317360.3402958005,0,0
2023-02-23,1317360.3402958005,1317360.3402958005,0,0
2023-02-24,1317360.3402958005,1317360.3402958005,0,0
2023-02-27,26411.6189808005,1317250.6189808005,1,1
2023-02-28,26411.6189808005,1382062.6189808005,1,0
2023-03-01,26411.6189808005,1452275.6189808005,1,0
2023-03-02,26411.6189808005,1522488.6189808005,1,0
2023-03-03,26411.6189808005,1598102.6189808005,1,0
2023-03-06,1678150.7859708006,1678150.7859708006,0,1
2023-03-07,33528.004915800644,1678011.0049158006,1,1
2023-03-08,33528.004915800644,1678011.0049158006,1,0
2023-03-09,33528.004915800644,1678011.0049158006,1,0
2023-03-10,33528.004915800644,1678011.0049158006,1,0
2023-03-13,1758969.0310808006,1758969.0310808006,0,1
2023-03-14,1758969.0310808006,1758969.0310808006,0,0
2023-03-15,1758969.0310808006,1758969.0310808006,0,0
2023-03-16,1758969.0310808006,1758969.0310808006,0,0
2023-03-17,1758969.0310808006,1758969.0310808006,0,0
2023-03-20,1758969.0310808006,1758969.0310808006,0,0
2023-03-21,1758969.0310808006,1758969.0310808006,0,0
2023-03-22,1758969.0310808006,1758969.0310808006,0,0
2023-03-23,1758969.0310808006,1758969.0310808006,0,0
2023-03-24,1758969.0310808006,1758969.0310808006,0,0
2023-03-27,1758969.0310808006,1758969.0310808006,0,0
2023-03-28,1758969.0310808006,1758969.0310808006,0,0
2023-03-29,1758969.0310808006,1758969.0310808006,0,0
2023-03-30,1758969.0310808006,1758969.0310808006,0,0
2023-03-31,1758969.0310808006,1758969.0310808006,0,0
2023-04-03,1758969.0310808006,1758969.0310808006,0,0
2023-04-04,1758969.0310808006,1758969.0310808006,0,0
2023-04-06,1758969.0310808006,1758969.0310808006,0,0
2023-04-07,1758969.0310808006,1758969.0310808006,0,0
2023-04-10,1758969.0310808006,1758969.0310808006,0,0
2023-04-11,1758969.0310808006,1758969.0310808006,0,0
2023-04-12,1758969.0310808006,1758969.0310808006,0,0
2023-04-13,1758969.0310808006,1758969.0310808006,0,0
2023-04-14,1758969.0310808006,1758969.0310808006,0,0
2023-04-17,1758969.0310808006,1758969.0310808006,0,0
2023-04-18,1758969.0310808006,1758969.0310808006,0,0
2023-04-19,1758969.0310808006,1758969.0310808006,0,0
2023-04-20,1758969.0310808006,1758969.0310808006,0,0
2023-04-21,1758969.0310808006,1758969.0310808006,0,0
2023-04-24,1758969.0310808006,1758969.0310808006,0,0
2023-04-25,1758969.0310808006,1758969.0310808006,0,0
2023-04-26,1758969.0310808006,1758969.0310808006,0,0
2023-04-27,1758969.0310808006,1758969.0310808006,0,0
2023-04-28,38419.19935702003,1752180.94286302,5,5
2023-05-04,1742367.4568853406,1742367.4568853406,0,5
2023-05-05,1742367.4568853406,1742367.4568853406,0,0
2023-05-08,1742367.4568853406,1742367.4568853406,0,0
2023-05-09,1742367.4568853406,1742367.4568853406,0,0
2023-05-10,1742367.4568853406,1742367.4568853406,0,0
2023-05-11,1742367.4568853406,1742367.4568853406,0,0
2023-05-12,1742367.4568853406,1742367.4568853406,0,0
2023-05-15,1742367.4568853406,1742367.4568853406,0,0
2023-05-16,1742367.4568853406,1742367.4568853406,0,0
2023-05-17,1742367.4568853406,1742367.4568853406,0,0
2023-05-18,1742367.4568853406,1742367.4568853406,0,0
2023-05-19,1742367.4568853406,1742367.4568853406,0,0
2023-05-22,1742367.4568853406,1742367.4568853406,0,0
2023-05-23,1742367.4568853406,1742367.4568853406,0,0
2023-05-24,1742367.4568853406,1742367.4568853406,0,0
2023-05-25,1742367.4568853406,1742367.4568853406,0,0
2023-05-26,1742367.4568853406,1742367.4568853406,0,0
2023-05-29,1742367.4568853406,1742367.4568853406,0,0
2023-05-30,1742367.4568853406,1742367.4568853406,0,0
2023-05-31,1742367.4568853406,1742367.4568853406,0,0
2023-06-01,1742367.4568853406,1742367.4568853406,0,0
2023-06-02,1742367.4568853406,1742367.4568853406,0,0
2023-06-05,1742367.4568853406,1742367.4568853406,0,0
2023-06-06,1742367.4568853406,1742367.4568853406,0,0
2023-06-07,1742367.4568853406,1742367.4568853406,0,0
2023-06-08,1742367.4568853406,1742367.4568853406,0,0
2023-06-09,1742367.4568853406,1742367.4568853406,0,0
2023-06-12,1742367.4568853406,1742367.4568853406,0,0
2023-06-13,1742367.4568853406,1742367.4568853406,0,0
2023-06-14,1742367.4568853406,1742367.4568853406,0,0
2023-06-15,1742367.4568853406,1742367.4568853406,0,0
2023-06-16,1742367.4568853406,1742367.4568853406,0,0
2023-06-19,1742367.4568853406,1742367.4568853406,0,0
2023-06-20,1742367.4568853406,1742367.4568853406,0,0
2023-06-21,1742367.4568853406,1742367.4568853406,0,0
2023-06-26,1742367.4568853406,1742367.4568853406,0,0
2023-06-27,1742367.4568853406,1742367.4568853406,0,0
2023-06-28,1742367.4568853406,1742367.4568853406,0,0
2023-06-29,41827.96515189693,1737650.2494718968,5,5
2023-06-30,1400579.5853631166,1758626.5853631166,1,4
2023-07-03,30048.896979846468,1791015.7275918466,5,4
2023-07-04,1791199.9326212911,1791199.9326212911,0,5
2023-07-05,1791199.9326212911,1791199.9326212911,0,0
2023-07-06,1791199.9326212911,1791199.9326212911,0,0
2023-07-07,1791199.9326212911,1791199.9326212911,0,0
2023-07-10,1791199.9326212911,1791199.9326212911,0,0
2023-07-11,1791199.9326212911,1791199.9326212911,0,0
2023-07-12,1791199.9326212911,1791199.9326212911,0,0
2023-07-13,1791199.9326212911,1791199.9326212911,0,0
2023-07-14,1791199.9326212911,1791199.9326212911,0,0
2023-07-17,1791199.9326212911,1791199.9326212911,0,0
2023-07-18,42462.96079223638,1768158.1742802365,5,5
2023-07-19,1771400.670404067,1771400.670404067,0,5
2023-07-20,1771400.670404067,1771400.670404067,0,0
2023-07-21,1771400.670404067,1771400.670404067,0,0
2023-07-24,1771400.670404067,1771400.670404067,0,0
2023-07-25,1771400.670404067,1771400.670404067,0,0
2023-07-26,1771400.670404067,1771400.670404067,0,0
2023-07-27,1771400.670404067,1771400.670404067,0,0
2023-07-28,1771400.670404067,1771400.670404067,0,0
2023-07-31,1771400.670404067,1771400.670404067,0,0
2023-08-01,1771400.670404067,1771400.670404067,0,0
2023-08-02,1771400.670404067,1771400.670404067,0,0
2023-08-03,1771400.670404067,1771400.670404067,0,0
2023-08-04,1771400.670404067,1771400.670404067,0,0
2023-08-07,1771400.670404067,1771400.670404067,0,0
2023-08-08,1771400.670404067,1771400.670404067,0,0
2023-08-09,1771400.670404067,1771400.670404067,0,0
2023-08-10,1771400.670404067,1771400.670404067,0,0
2023-08-11,1771400.670404067,1771400.670404067,0,0
2023-08-14,1771400.670404067,1771400.670404067,0,0
2023-08-15,1771400.670404067,1771400.670404067,0,0
2023-08-16,1771400.670404067,1771400.670404067,0,0
2023-08-17,1771400.670404067,1771400.670404067,0,0
2023-08-18,1771400.670404067,1771400.670404067,0,0
2023-08-21,1771400.670404067,1771400.670404067,0,0
2023-08-22,35351.11873406707,1771253.118734067,1,1
2023-08-23,1770237.616064067,1770237.616064067,0,1
2023-08-24,1770237.616064067,1770237.616064067,0,0
2023-08-25,1770237.616064067,1770237.616064067,0,0
2023-08-28,1770237.616064067,1770237.616064067,0,0
2023-08-29,37693.38629110443,1843415.3041201043,5,5
2023-08-30,1847227.1853384734,1847227.1853384734,0,5
2023-08-31,1847227.1853384734,1847227.1853384734,0,0
2023-09-01,1847227.1853384734,1847227.1853384734,0,0
2023-09-04,1847227.1853384734,1847227.1853384734,0,0
2023-09-05,1847227.1853384734,1847227.1853384734,0,0
2023-09-06,1847227.1853384734,1847227.1853384734,0,0
2023-09-07,1847227.1853384734,1847227.1853384734,0,0
2023-09-08,1847227.1853384734,1847227.1853384734,0,0
2023-09-11,1847227.1853384734,1847227.1853384734,0,0
2023-09-12,1847227.1853384734,1847227.1853384734,0,0
2023-09-13,1847227.1853384734,1847227.1853384734,0,0
2023-09-14,1847227.1853384734,1847227.1853384734,0,0
2023-09-15,1847227.1853384734,1847227.1853384734,0,0
2023-09-18,1847227.1853384734,1847227.1853384734,0,0
2023-09-19,1847227.1853384734,1847227.1853384734,0,0
2023-09-20,1847227.1853384734,1847227.1853384734,0,0
2023-09-21,1847227.1853384734,1847227.1853384734,0,0
2023-09-22,1847227.1853384734,1847227.1853384734,0,0
2023-09-25,1847227.1853384734,1847227.1853384734,0,0
2023-09-26,1847227.1853384734,1847227.1853384734,0,0
2023-09-27,1847227.1853384734,1847227.1853384734,0,0
2023-09-28,1847227.1853384734,1847227.1853384734,0,0
2023-10-09,1847227.1853384734,1847227.1853384734,0,0
2023-10-10,1847227.1853384734,1847227.1853384734,0,0
2023-10-11,1847227.1853384734,1847227.1853384734,0,0
2023-10-12,1847227.1853384734,1847227.1853384734,0,0
2023-10-13,1847227.1853384734,1847227.1853384734,0,0
2023-10-16,1847227.1853384734,1847227.1853384734,0,0
2023-10-17,1847227.1853384734,1847227.1853384734,0,0
2023-10-18,1847227.1853384734,1847227.1853384734,0,0
2023-10-19,37053.13081723498,1847073.333621235,1,1
2023-10-20,2027313.492614045,2027313.492614045,0,1
2023-10-23,45571.44153257273,1955184.5854845727,5,5
2023-10-24,1961559.8913584687,1961559.8913584687,0,5
2023-10-25,1961559.8913584687,1961559.8913584687,0,0
2023-10-26,1961559.8913584687,1961559.8913584687,0,0
2023-10-27,42529.066011133255,2010383.701978133,5,5
2023-10-30,1987877.189677337,1987877.189677337,0,5
2023-10-31,39746.612652336946,1987711.612652337,1,1
2023-11-01,11308.808284411343,2086610.6683644115,4,3
2023-11-02,47454.834141530446,2140932.4104655306,5,7
2023-11-03,42985.23701669928,2147197.2370166993,1,6
2023-11-06,2357270.5876166993,2357270.5876166993,0,1
2023-11-07,2357270.5876166993,2357270.5876166993,0,0
2023-11-08,2357270.5876166993,2357270.5876166993,0,0
2023-11-09,47200.24832669925,2374980.2483266992,1,1
2023-11-10,59992.268966528354,2301218.002456528,5,6
2023-11-13,48539.74259718193,2310569.648247182,5,10
2023-11-14,2308832.6034121015,2308832.6034121015,0,5
2023-11-15,46593.32941710157,2356503.3294171016,1,1
2023-11-16,86301.19757904345,2576362.3781510433,4,5
2023-11-17,1910108.693691954,2638735.456223954,1,3
2023-11-20,53072.62509493949,2641035.4831349393,3,4
2023-11-21,61083.83763492596,2702064.432834926,5,8
2023-11-22,58890.26823211135,2617771.470994111,5,10
2023-11-23,52795.283462211955,2623825.283462212,1,6
2023-11-24,2880889.879712212,2880889.879712212,0,1
2023-11-27,63821.31460576854,2718361.3001347687,5,5
2023-11-28,2666483.384726359,2666483.384726359,0,5
2023-11-29,58495.50164640829,2530699.664815408,5,5
2023-11-30,2516927.2635174342,2516927.2635174342,0,5
2023-12-01,2516927.2635174342,2516927.2635174342,0,0
2023-12-04,2516927.2635174342,2516927.2635174342,0,0
2023-12-05,2516927.2635174342,2516927.2635174342,0,0
2023-12-06,50578.61841545487,2516717.641700455,1,1
2023-12-07,2764048.038083318,2764048.038083318,0,1
2023-12-08,55234.693768564146,2763817.8085185643,1,1
2023-12-11,55234.693768564146,2904664.1304855645,1,0
2023-12-12,3043761.141133734,3043761.141133734,0,1
2023-12-13,3043761.141133734,3043761.141133734,0,0
2023-12-14,3043761.141133734,3043761.141133734,0,0
2023-12-15,3043761.141133734,3043761.141133734,0,0
2023-12-18,3043761.141133734,3043761.141133734,0,0
2023-12-19,3043761.141133734,3043761.141133734,0,0
2023-12-20,3043761.141133734,3043761.141133734,0,0
2023-12-21,3043761.141133734,3043761.141133734,0,0
2023-12-22,3043761.141133734,3043761.141133734,0,0
2023-12-25,69351.74468331749,3186935.2179473173,5,5
2023-12-26,3150451.01777116,3150451.01777116,0,5
2023-12-27,3150451.01777116,3150451.01777116,0,0
2023-12-28,3150451.01777116,3150451.01777116,0,0
2023-12-29,3150451.01777116,3150451.01777116,0,0
2024-01-02,64491.144668111694,3185235.5662601115,5,5
2024-01-03,3267988.4059317014,3267988.4059317014,0,5
2024-01-04,65364.206011701375,3286846.2060117014,3,3
2024-01-05,24348.208039144112,3344257.541564144,5,4
2024-01-08,2185436.550949177,3360980.550949177,1,4
2024-01-09,45964.16816501436,3439757.590232014,5,4
2024-01-10,43741.65711721266,3596893.6571172127,2,5
2024-01-11,73726.77460849239,3534369.4894284923,1,3
2024-01-12,3481600.3147253403,3481600.3147253403,0,1
2024-01-15,3481600.3147253403,3481600.3147253403,0,0
2024-01-16,76705.21912849136,3462943.1942304913,5,5
2024-01-17,73988.01254980499,3404750.146413805,5,10
2024-01-18,3379331.4240827863,3379331.4240827863,0,5
2024-01-19,3379331.4240827863,3379331.4240827863,0,0
2024-01-22,3379331.4240827863,3379331.4240827863,0,0
2024-01-23,69501.13470768079,3442949.687435681,5,5
2024-01-24,71893.9349046268,3454909.361076627,5,10
2024-01-25,74931.06458653719,3582077.167793537,5,10
2024-01-26,3561908.923985284,3561908.923985284,0,5
2024-01-29,72971.57351592381,3406588.6727719237,5,5
2024-01-30,70214.91969181318,3199484.336787813,5,10
2024-01-31,68388.24456421623,3133368.642359216,5,10
2024-02-01,63886.875773440814,3126833.069185441,5,10
2024-02-02,3110312.4667974375,3110312.4667974375,0,5
2024-02-05,68726.79238870111,2938036.005162701,5,5
2024-02-06,60646.084085527924,3175107.982117528,5,10
2024-02-07,66078.47099925089,2921533.287861251,5,10
2024-02-08,60390.28983940242,2985827.8203534028,5,10
2024-02-19,61970.97989328392,3229045.098545284,5,10
2024-02-20,3202952.596216104,3202952.596216104,0,5
2024-02-21,3202952.596216104,3202952.596216104,0,0
2024-02-22,64937.75874114898,3243122.7429051492,5,5
2024-02-23,65496.204961929354,3298138.446255929,5,10
2024-02-26,3328848.3793694917,3328848.3793694917,0,5
2024-02-27,67607.09620088805,3388673.947996888,5,5
2024-02-28,69533.43383146962,3173695.44289247,5,10
2024-02-29,63938.27160437126,3257675.5161893712,5,10
2024-03-01,66980.14123780839,3325573.8903738083,5,10
2024-03-04,66806.84566317778,3348818.1853091777,1,6
2024-03-05,3670287.4979865574,3670287.4979865574,0,1
2024-03-06,74751.90343655786,3669981.9034365574,1,1
2024-03-07,87614.68072478089,3850320.4449937814,5,6
2024-03-08,77039.3377417284,3836911.8128717286,1,6
2024-03-11,4212260.470100883,4212260.470100883,0,1
2024-03-12,4212260.470100883,4212260.470100883,0,0
2024-03-13,4212260.470100883,4212260.470100883,0,0
2024-03-14,86244.11110030301,4216753.540414304,1,1
2024-03-15,4201024.667070016,4201024.667070016,0,1
2024-03-18,4201024.667070016,4201024.667070016,0,0
2024-03-19,4201024.667070016,4201024.667070016,0,0
2024-03-20,88920.24920092698,4230883.578110928,5,5
2024-03-21,4219398.70182674,4219398.70182674,0,5
2024-03-22,4219398.70182674,4219398.70182674,0,0
2024-03-25,88045.8468325535,4138790.6786505533,5,5
2024-03-26,70969.53551562491,4138768.775701625,5,8
2024-03-27,85760.15608643729,3937832.4346684376,5,10
2024-03-28,3923832.2303869175,3923832.2303869175,0,5
2024-03-29,3923832.2303869175,3923832.2303869175,0,0
2024-04-01,82029.81889060349,4145746.8919096035,5,5
2024-04-02,83331.691927779,4167442.691927779,1,6
2024-04-03,4364417.790607778,4364417.790607778,0,1
2024-04-08,87094.51303021889,4364054.249030218,1,1
2024-04-09,4361552.227584658,4361552.227584658,0,1
2024-04-10,4361552.227584658,4361552.227584658,0,0
2024-04-11,4361552.227584658,4361552.227584658,0,0
2024-04-12,4361552.227584658,4361552.227584658,0,0
2024-04-15,88272.9231015956,4160120.7651795954,5,5
2024-04-16,69055.12508677982,3704884.1036107796,5,8
2024-04-17,63905.537484480534,3768392.976448481,5,8
2024-04-18,3058340.6968738236,3689166.2336218236,1,4
2024-04-19,76513.89838336059,3632602.062409361,5,6
2024-04-22,73407.81381856464,3461802.1942665647,5,10
2024-04-23,3357267.4384095,3357267.4384095,0,5
2024-04-24,3357267.4384095,3357267.4384095,0,0
2024-04-25,67932.77495852963,3379033.81346053,5,5
2024-04-26,2702148.7966715666,3379828.7966715666,1,4
2024-04-29,71475.59933111141,3414302.8066811115,5,6
2024-04-30,3378773.931768949,3378773.931768949,0,5
2024-05-06,71767.65330636955,3469666.5229583695,5,5
2024-05-07,3496740.840633248,3496740.840633248,0,5
2024-05-08,73186.38006917865,3414609.2562951786,5,5
2024-05-09,3438770.825249422,3438770.825249422,0,5
2024-05-10,3438770.825249422,3438770.825249422,0,0
2024-05-13,3438770.825249422,3438770.825249422,0,0
2024-05-14,3438770.825249422,3438770.825249422,0,0
2024-05-15,75099.18188119726,3432132.4361341973,5,5
2024-05-16,58935.97952884622,3569489.017776846,5,8
2024-05-17,57771.63216961874,3645168.1280596186,2,5
2024-05-20,60546.05055017676,3780491.7856561765,5,5
2024-05-21,75608.71473916527,3789782.7147391653,1,6
2024-05-22,4155134.795049166,4155134.795049166,0,1
2024-05-23,4155134.795049166,4155134.795049166,0,0
2024-05-24,4155134.795049166,4155134.795049166,0,0
2024-05-27,4155134.795049166,4155134.795049166,0,0
2024-05-28,86018.92449203227,4144282.172808032,5,5
2024-05-29,89213.75183828303,4144671.145607283,5,10
2024-05-30,4154450.486934267,4154450.486934267,0,5
2024-05-31,4154450.486934267,4154450.486934267,0,0
2024-06-03,4154450.486934267,4154450.486934267,0,0
2024-06-04,4154450.486934267,4154450.486934267,0,0
2024-06-05,4154450.486934267,4154450.486934267,0,0
2024-06-06,83595.63310211769,3985780.873350118,5,5
2024-06-07,66012.72849180794,3978000.181573808,5,8
2024-06-11,81495.77074820409,3796760.431254204,5,10
2024-06-12,3780539.0215903968,3780539.0215903968,0,5
2024-06-13,3780539.0215903968,3780539.0215903968,0,0
2024-06-14,3780539.0215903968,3780539.0215903968,0,0
2024-06-17,3780539.0215903968,3780539.0215903968,0,0
2024-06-18,3780539.0215903968,3780539.0215903968,0,0
2024-06-19,3780539.0215903968,3780539.0215903968,0,0
2024-06-20,77085.25477539678,3587806.2547753965,3,3
2024-06-21,25271.617885396874,3476469.617885397,5,4
2024-06-24,69412.10380808625,3210366.607355086,5,10
2024-06-25,64932.15753389883,3218429.157533899,5,10
2024-06-26,13273.736793898745,3367593.736793899,5,2
2024-06-27,53919.99615389877,3401130.9961538985,4,7
2024-06-28,53255.11763389886,3440114.1176338987,5,7
2024-07-01,30561.328128898866,3643967.328128899,5,4
2024-07-02,30322.000858898857,3822223.000858899,5,4
2024-07-03,50444.27866889851,4053945.2786688986,5,6
2024-07-04,3218931.6285988986,4011601.6285988986,1,4
2024-07-05,80547.41876389843,4152129.4187638983,5,6
2024-07-08,4104597.9712538985,4104597.9712538985,0,5
2024-07-09,82676.13695389882,4097071.1369538987,5,5
2024-07-10,33359.370818898664,4033442.370818899,5,4
2024-07-11,65008.65856889868,4292948.658568898,5,8
2024-07-12,35975.33667889866,4304114.336678898,4,3
2024-07-15,35975.33667889866,4256620.336678898,4,0
2024-07-16,3388878.7400688985,4283978.740068899,1,3
2024-07-17,67571.45294389874,4208707.452943899,2,1
2024-07-18,65088.07282889867,4658734.072828898,2,2
2024-07-19,1446.420698239417,4599567.188298239,4,2
2024-07-22,3558184.7539060554,4650206.753906055,1,3
2024-07-23,4703242.503026055,4703242.503026055,0,1
2024-07-24,95341.86476105521,4630358.864761055,3,3
2024-07-25,91496.49602798931,4567444.522203989,1,4
2024-07-26,4348.511190868834,4627945.901894869,5,4
2024-07-29,4640059.950357989,4640059.950357989,0,5
2024-07-30,92771.45649537817,4768811.216259379,3,3
2024-07-31,97850.93522425869,4865043.789069259,5,8
2024-08-01,4852130.927793764,4852130.927793764,0,5
2024-08-02,4852130.927793764,4852130.927793764,0,0
2024-08-05,4852130.927793764,4852130.927793764,0,0
2024-08-06,97575.47820829228,4836737.815771292,5,5
2024-08-07,4826766.975660376,4826766.975660376,0,5
2024-08-08,4826766.975660376,4826766.975660376,0,0
2024-08-09,4826766.975660376,4826766.975660376,0,0
2024-08-12,4826766.975660376,4826766.975660376,0,0
2024-08-13,4826766.975660376,4826766.975660376,0,0
2024-08-14,4826766.975660376,4826766.975660376,0,0
2024-08-15,4826766.975660376,4826766.975660376,0,0
2024-08-16,4826766.975660376,4826766.975660376,0,0
2024-08-19,4826766.975660376,4826766.975660376,0,0
2024-08-20,4826766.975660376,4826766.975660376,0,0
2024-08-21,4826766.975660376,4826766.975660376,0,0
2024-08-22,4826766.975660376,4826766.975660376,0,0
2024-08-23,4826766.975660376,4826766.975660376,0,0
2024-08-26,4826766.975660376,4826766.975660376,0,0
2024-08-27,4826766.975660376,4826766.975660376,0,0
2024-08-28,4826766.975660376,4826766.975660376,0,0
2024-08-29,98913.2464462329,4864550.643866233,5,5
2024-08-30,98129.50520868192,4906291.163982682,5,10
2024-09-02,4928484.744697648,4928484.744697648,0,5
2024-09-03,4928484.744697648,4928484.744697648,0,0
2024-09-04,4928484.744697648,4928484.744697648,0,0
2024-09-05,4928484.744697648,4928484.744697648,0,0
2024-09-06,4928484.744697648,4928484.744697648,0,0
2024-09-09,4928484.744697648,4928484.744697648,0,0
2024-09-10,4928484.744697648,4928484.744697648,0,0
2024-09-11,4928484.744697648,4928484.744697648,0,0
2024-09-12,4928484.744697648,4928484.744697648,0,0
2024-09-13,4928484.744697648,4928484.744697648,0,0
2024-09-18,4928484.744697648,4928484.744697648,0,0
2024-09-19,99986.99111552478,5044587.5464115245,5,5
2024-09-20,5063907.745937807,5063907.745937807,0,5
2024-09-23,5063907.745937807,5063907.745937807,0,0
2024-09-24,102842.00549452286,5378255.808680523,5,5
2024-09-25,5608051.735635194,5608051.735635194,0,5
2024-09-26,5608051.735635194,5608051.735635194,0,0
2024-09-27,114317.88681189786,5769840.2190518975,5,5
2024-09-30,96958.79800776439,6455305.229475764,5,8
2024-10-08,113609.36214873265,6880670.5193847325,5,8
2024-10-09,87611.59109251201,6475406.125468512,5,6
2024-10-10,82056.5246218862,6226188.461996886,5,6
2024-10-11,6115522.941221515,6115522.941221515,0,5
2024-10-14,121929.52908151504,6175245.529081514,1,1
2024-10-15,6081409.192801515,6081409.192801515,0,1
2024-10-16,6081409.192801515,6081409.192801515,0,0
2024-10-17,6081409.192801515,6081409.192801515,0,0
2024-10-18,6081409.192801515,6081409.192801515,0,0
2024-10-21,6081409.192801515,6081409.192801515,0,0
2024-10-22,6081409.192801515,6081409.192801515,0,0
2024-10-23,6081409.192801515,6081409.192801515,0,0
2024-10-24,6081409.192801515,6081409.192801515,0,0
2024-10-25,6081409.192801515,6081409.192801515,0,0
2024-10-28,6081409.192801515,6081409.192801515,0,0
2024-10-29,6081409.192801515,6081409.192801515,0,0
2024-10-30,6081409.192801515,6081409.192801515,0,0
2024-10-31,6081409.192801515,6081409.192801515,0,0
2024-11-01,6081409.192801515,6081409.192801515,0,0
2024-11-04,6081409.192801515,6081409.192801515,0,0
2024-11-05,6081409.192801515,6081409.192801515,0,0
2024-11-06,6081409.192801515,6081409.192801515,0,0
2024-11-07,6081409.192801515,6081409.192801515,0,0
2024-11-08,6081409.192801515,6081409.192801515,0,0
2024-11-11,6081409.192801515,6081409.192801515,0,0
2024-11-12,6081409.192801515,6081409.192801515,0,0
2024-11-13,6081409.192801515,6081409.192801515,0,0
2024-11-14,6081409.192801515,6081409.192801515,0,0
2024-11-15,6081409.192801515,6081409.192801515,0,0
2024-11-18,6081409.192801515,6081409.192801515,0,0
2024-11-19,6081409.192801515,6081409.192801515,0,0
2024-11-20,6081409.192801515,6081409.192801515,0,0
2024-11-21,6081409.192801515,6081409.192801515,0,0
2024-11-22,6081409.192801515,6081409.192801515,0,0
2024-11-25,6081409.192801515,6081409.192801515,0,0
2024-11-26,6081409.192801515,6081409.192801515,0,0
2024-11-27,6081409.192801515,6081409.192801515,0,0
2024-11-28,6081409.192801515,6081409.192801515,0,0
2024-11-29,6081409.192801515,6081409.192801515,0,0
2024-12-02,126661.58672639332,6157310.499326394,5,5
2024-12-03,123057.9051906215,6160022.9051906215,1,6
2024-12-04,130168.36370450817,6140033.207454508,5,6
2024-12-05,122867.26635527704,6105048.073867276,1,6
2024-12-06,137580.34237704542,6595389.095462046,5,6
2024-12-09,138206.4417593656,6502363.734573366,5,10
2024-12-10,134303.83148921095,6731578.83148921,1,6
2024-12-11,149797.5259317828,7454617.100079783,5,6
2024-12-12,7438603.253553499,7438603.253553499,0,5
2024-12-13,154435.62774894317,7249315.999318943,5,5
2024-12-16,144474.13598109176,7247941.135981092,2,7
2024-12-17,84705.33339228481,7631194.491096284,5,5
2024-12-18,7829210.844157718,7829210.844157718,0,5
2024-12-19,156988.50611107866,7862239.070494079,5,5
2024-12-20,128497.17221905338,7917260.170458052,5,8
2024-12-23,126737.37146252999,7242340.3714625295,5,8
2024-12-24,114777.31657753,7107049.31657753,5,8
2024-12-25,140272.3879725309,7042210.38797253,1,6
2024-12-26,3004.721212530916,7385578.7212125305,2,1
2024-12-27,157388.33600752754,8033053.897231529,3,5
2024-12-30,8109004.289520094,8109004.289520094,0,3
2024-12-31,8109004.289520094,8109004.289520094,0,0
2025-01-02,161688.82512009516,8108328.825120094,1,1
2025-01-03,8493991.574820094,8493991.574820094,0,1
2025-01-06,8493991.574820094,8493991.574820094,0,0
2025-01-07,172168.833105108,8634636.657741107,5,5
2025-01-08,176827.1030019126,8899494.281927912,5,10
2025-01-09,176682.71749102883,8864042.717491029,1,6
2025-01-10,176682.71749102883,9305197.717491029,1,0
2025-01-13,176682.71749102883,9746352.717491029,1,0
2025-01-14,203464.5765560288,10214715.576556029,1,2
2025-01-15,11214343.442016028,11214343.442016028,0,1
2025-01-16,223521.30153602734,12099041.301536027,1,1
2025-01-17,12132326.572576027,12132326.572576027,0,1
2025-01-20,241811.96473602764,11883617.964736028,1,1
2025-01-21,11959325.207116028,11959325.207116028,0,1
2025-01-22,11959325.207116028,11959325.207116028,0,0
2025-01-23,11959325.207116028,11959325.207116028,0,0
2025-01-24,11959325.207116028,11959325.207116028,0,0
2025-01-27,11959325.207116028,11959325.207116028,0,0
2025-02-05,11959325.207116028,11959325.207116028,0,0
2025-02-06,238612.0311710285,11781003.031171028,2,2
2025-02-07,238612.0311710285,12071175.031171028,2,0
2025-02-10,12021539.98354603,12021539.98354603,0,2
2025-02-11,12021539.98354603,12021539.98354603,0,0
2025-02-12,12021539.98354603,12021539.98354603,0,0
2025-02-13,12021539.98354603,12021539.98354603,0,0
2025-02-14,12021539.98354603,12021539.98354603,0,0
2025-02-17,12021539.98354603,12021539.98354603,0,0
2025-02-18,12021539.98354603,12021539.98354603,0,0
2025-02-19,12021539.98354603,12021539.98354603,0,0
2025-02-20,12021539.98354603,12021539.98354603,0,0
2025-02-21,12021539.98354603,12021539.98354603,0,0
2025-02-24,12021539.98354603,12021539.98354603,0,0
2025-02-25,12021539.98354603,12021539.98354603,0,0
2025-02-26,12021539.98354603,12021539.98354603,0,0
2025-02-27,12021539.98354603,12021539.98354603,0,0
2025-02-28,12021539.98354603,12021539.98354603,0,0
2025-03-03,12021539.98354603,12021539.98354603,0,0
2025-03-04,12021539.98354603,12021539.98354603,0,0
2025-03-05,12021539.98354603,12021539.98354603,0,0
2025-03-06,12021539.98354603,12021539.98354603,0,0
2025-03-07,12021539.98354603,12021539.98354603,0,0
2025-03-10,12021539.98354603,12021539.98354603,0,0
2025-03-11,12021539.98354603,12021539.98354603,0,0
2025-03-12,12021539.98354603,12021539.98354603,0,0
2025-03-13,12021539.98354603,12021539.98354603,0,0
2025-03-14,12021539.98354603,12021539.98354603,0,0
2025-03-17,12021539.98354603,12021539.98354603,0,0
2025-03-18,12021539.98354603,12021539.98354603,0,0
2025-03-19,12021539.98354603,12021539.98354603,0,0
2025-03-20,12021539.98354603,12021539.98354603,0,0
2025-03-21,12021539.98354603,12021539.98354603,0,0
2025-03-24,12021539.98354603,12021539.98354603,0,0
2025-03-25,12021539.98354603,12021539.98354603,0,0
2025-03-26,12021539.98354603,12021539.98354603,0,0
2025-03-27,12021539.98354603,12021539.98354603,0,0
2025-03-28,12021539.98354603,12021539.98354603,0,0
2025-03-31,12021539.98354603,12021539.98354603,0,0
2025-04-01,12021539.98354603,12021539.98354603,0,0
2025-04-02,12021539.98354603,12021539.98354603,0,0
2025-04-03,12021539.98354603,12021539.98354603,0,0
2025-04-07,12021539.98354603,12021539.98354603,0,0
2025-04-08,240908.71499603055,13012465.71499603,5,5
2025-04-09,259750.0134725552,13206608.525246555,5,10
2025-04-10,271672.92145175114,13920492.322133752,5,10
2025-04-11,13637812.007094212,13637812.007094212,0,5
2025-04-14,13637812.007094212,13637812.007094212,0,0
2025-04-15,13637812.007094212,13637812.007094212,0,0
2025-04-16,13637812.007094212,13637812.007094212,0,0
2025-04-17,13637812.007094212,13637812.007094212,0,0
2025-04-18,13637812.007094212,13637812.007094212,0,0
2025-04-21,13637812.007094212,13637812.007094212,0,0
2025-04-22,13637812.007094212,13637812.007094212,0,0
2025-04-23,13637812.007094212,13637812.007094212,0,0
2025-04-24,13637812.007094212,13637812.007094212,0,0
2025-04-25,13637812.007094212,13637812.007094212,0,0
2025-04-28,13637812.007094212,13637812.007094212,0,0
2025-04-29,13637812.007094212,13637812.007094212,0,0
2025-04-30,13637812.007094212,13637812.007094212,0,0
2025-05-06,13637812.007094212,13637812.007094212,0,0
2025-05-07,13637812.007094212,13637812.007094212,0,0
2025-05-08,13637812.007094212,13637812.007094212,0,0
2025-05-09,13637812.007094212,13637812.007094212,0,0
2025-05-12,13637812.007094212,13637812.007094212,0,0
2025-05-13,13637812.007094212,13637812.007094212,0,0
2025-05-14,13637812.007094212,13637812.007094212,0,0
2025-05-15,13637812.007094212,13637812.007094212,0,0
2025-05-16,13637812.007094212,13637812.007094212,0,0
2025-05-19,13637812.007094212,13637812.007094212,0,0
2025-05-20,275568.51606647763,13238506.819149477,3,3
2025-05-21,13126264.93390922,13126264.93390922,0,3
2025-05-22,13126264.93390922,13126264.93390922,0,0
2025-05-23,13126264.93390922,13126264.93390922,0,0
2025-05-26,13126264.93390922,13126264.93390922,0,0
2025-05-27,13126264.93390922,13126264.93390922,0,0
2025-05-28,13126264.93390922,13126264.93390922,0,0
2025-05-29,269900.8623254709,13181566.64546847,5,5
2025-05-30,13140478.99605242,13140478.99605242,0,5
2025-06-03,268409.3997395318,13246840.220019532,5,5
2025-06-04,274311.35026079416,13239297.909472793,5,10
2025-06-05,13739997.792110339,13739997.792110339,0,5
2025-06-06,13739997.792110339,13739997.792110339,0,0
2025-06-09,13739997.792110339,13739997.792110339,0,0
2025-06-10,13739997.792110339,13739997.792110339,0,0
2025-06-11,277171.3243662361,13818998.711565236,5,5
2025-06-12,13755604.8760436,13755604.8760436,0,5
2025-06-13,277012.6016988321,13211375.681658832,5,5
2025-06-16,274692.0068986616,13227400.16190266,5,10
2025-06-17,262433.7606262285,13174778.760626229,1,6
2025-06-18,14470481.187686227,14470481.187686227,0,1
2025-06-19,14470481.187686227,14470481.187686227,0,0
2025-06-20,14470481.187686227,14470481.187686227,0,0
2025-06-23,294879.3639412266,14536875.363941226,5,5
2025-06-24,243073.4969894439,14641423.371201444,5,8
2025-06-25,14623976.645678116,14623976.645678116,0,5
2025-06-26,297966.0750882458,14448755.906108245,5,5
2025-06-27,295581.5780239906,14452807.64111599,5,10
2025-06-30,119381.41686399095,14413468.14378399,5,4
2025-07-01,287349.49964988604,14413631.499649886,1,6
2025-07-02,14843297.285869885,14843297.285869885,0,1
2025-07-03,297647.7427421035,14848275.124822102,5,5
2025-07-04,239539.2462805882,14890682.767152589,5,8
2025-07-07,243936.89895513235,14774800.846667133,5,8
2025-07-08,185882.0919331028,15077088.273921102,5,6
2025-07-09,311603.158153004,15114003.158153005,3,8
2025-07-10,310472.7889688867,14857612.742760886,5,8
2025-07-11,65274.36162388697,14980319.400225887,5,2
2025-07-14,120494.81945597008,14870749.11750397,5,4
2025-07-15,296723.0342868855,14519333.248086885,5,10
2025-07-16,298481.8909719428,14756191.271627944,5,10
2025-07-17,63936.57533162506,14922343.906163625,5,2
2025-07-18,14899380.091675088,14899380.091675088,0,5
2025-07-21,303457.2622731668,15109673.909137167,5,5
2025-07-22,184989.3656731653,15091060.231289165,5,6
2025-07-23,15322222.971121933,15322222.971121933,0,5
2025-07-24,307960.86731193354,15425802.867311934,5,5
2025-07-25,15421735.134026933,15421735.134026933,0,5
2025-07-28,15421735.134026933,15421735.134026933,0,0
2025-07-29,307610.542626936,15420450.542626934,1,1
2025-07-30,16922009.430086933,16922009.430086933,0,1
2025-07-31,16922009.430086933,16922009.430086933,0,0
2025-08-01,339862.8621444842,16811979.423184484,5,5
2025-08-04,16725722.13554446,16725722.13554446,0,5
2025-08-05,338733.28765632305,16975074.65258432,5,5
2025-08-06,342827.0605567931,17072188.798156794,5,10
2025-08-07,17061220.542118862,17061220.542118862,0,5
2025-08-08,17061220.542118862,17061220.542118862,0,0
2025-08-11,17061220.542118862,17061220.542118862,0,0
2025-08-12,17061220.542118862,17061220.542118862,0,0
2025-08-13,340022.36107386276,17059799.361073863,1,1
2025-08-14,18709951.66210386,18709951.66210386,0,1
2025-08-15,380806.81720886193,18811254.817208864,5,5
2025-08-18,18872865.630653862,18872865.630653862,0,5
2025-08-19,18872865.630653862,18872865.630653862,0,0
2025-08-20,18872865.630653862,18872865.630653862,0,0
2025-08-21,18872865.630653862,18872865.630653862,0,0
2025-08-22,18872865.630653862,18872865.630653862,0,0
2025-08-25,18872865.630653862,18872865.630653862,0,0
2025-08-26,18872865.630653862,18872865.630653862,0,0
2025-08-27,18872865.630653862,18872865.630653862,0,0
2025-08-28,18872865.630653862,18872865.630653862,0,0
2025-08-29,18872865.630653862,18872865.630653862,0,0
2025-09-01,18872865.630653862,18872865.630653862,0,0
2025-09-02,18872865.630653862,18872865.630653862,0,0
2025-09-03,18872865.630653862,18872865.630653862,0,0
2025-09-04,18872865.630653862,18872865.630653862,0,0
2025-09-05,18872865.630653862,18872865.630653862,0,0
2025-09-08,18872865.630653862,18872865.630653862,0,0
2025-09-09,18872865.630653862,18872865.630653862,0,0
2025-09-10,375973.52845386043,18871293.52845386,1,1
2025-09-11,419397.0146488594,20882067.014648862,5,6
2025-09-12,20844373.409428857,20844373.409428857,0,5
2025-09-15,20844373.409428857,20844373.409428857,0,0
2025-09-16,20844373.409428857,20844373.409428857,0,0
2025-09-17,20844373.409428857,20844373.409428857,0,0
2025-09-18,20844373.409428857,20844373.409428857,0,0
2025-09-19,20844373.409428857,20844373.409428857,0,0
2025-09-22,20844373.409428857,20844373.409428857,0,0
2025-09-23,20844373.409428857,20844373.409428857,0,0
2025-09-24,20844373.409428857,20844373.409428857,0,0
2025-09-25,20844373.409428857,20844373.409428857,0,0
2025-09-26,20844373.409428857,20844373.409428857,0,0
2025-09-29,20844373.409428857,20844373.409428857,0,0
2025-09-30,20844373.409428857,20844373.409428857,0,0
2025-10-09,20844373.409428857,20844373.409428857,0,0
2025-10-10,20844373.409428857,20844373.409428857,0,0
2025-10-13,20844373.409428857,20844373.409428857,0,0
2025-10-14,20844373.409428857,20844373.409428857,0,0
2025-10-15,20844373.409428857,20844373.409428857,0,0
2025-10-16,20844373.409428857,20844373.409428857,0,0
2025-10-17,20844373.409428857,20844373.409428857,0,0
2025-10-20,20844373.409428857,20844373.409428857,0,0
2025-10-21,20844373.409428857,20844373.409428857,0,0
2025-10-22,20844373.409428857,20844373.409428857,0,0
2025-10-23,20844373.409428857,20844373.409428857,0,0
2025-10-24,20844373.409428857,20844373.409428857,0,0
2025-10-27,20844373.409428857,20844373.409428857,0,0
2025-10-28,20844373.409428857,20844373.409428857,0,0
2025-10-29,20844373.409428857,20844373.409428857,0,0
2025-10-30,20844373.409428857,20844373.409428857,0,0
2025-10-31,20844373.409428857,20844373.409428857,0,0
2025-11-03,20844373.409428857,20844373.409428857,0,0
2025-11-04,20844373.409428857,20844373.409428857,0,0
2025-11-05,20844373.409428857,20844373.409428857,0,0
2025-11-06,20844373.409428857,20844373.409428857,0,0
2025-11-07,20844373.409428857,20844373.409428857,0,0
2025-11-10,20844373.409428857,20844373.409428857,0,0
2025-11-11,20844373.409428857,20844373.409428857,0,0
2025-11-12,20844373.409428857,20844373.409428857,0,0
2025-11-13,20844373.409428857,20844373.409428857,0,0
2025-11-14,20844373.409428857,20844373.409428857,0,0
2025-11-17,20844373.409428857,20844373.409428857,0,0
2025-11-18,20844373.409428857,20844373.409428857,0,0
2025-11-19,20844373.409428857,20844373.409428857,0,0
2025-11-20,20844373.409428857,20844373.409428857,0,0
2025-11-21,20844373.409428857,20844373.409428857,0,0
2025-11-24,423279.7639988577,20581991.76399886,5,5
2025-11-25,20971751.871498857,20971751.871498857,0,5
2025-11-26,20971751.871498857,20971751.871498857,0,0
2025-11-27,20971751.871498857,20971751.871498857,0,0
2025-11-28,20971751.871498857,20971751.871498857,0,0
2025-12-01,20971751.871498857,20971751.871498857,0,0
2025-12-02,20971751.871498857,20971751.871498857,0,0
2025-12-03,20971751.871498857,20971751.871498857,0,0
2025-12-04,20971751.871498857,20971751.871498857,0,0
2025-12-05,20971751.871498857,20971751.871498857,0,0
2025-12-08,20971751.871498857,20971751.871498857,0,0
2025-12-09,20971751.871498857,20971751.871498857,0,0
2025-12-10,20971751.871498857,20971751.871498857,0,0
2025-12-11,20971751.871498857,20971751.871498857,0,0
2025-12-12,20971751.871498857,20971751.871498857,0,0
2025-12-15,20971751.871498857,20971751.871498857,0,0
2025-12-16,20971751.871498857,20971751.871498857,0,0
2025-12-17,20971751.871498857,20971751.871498857,0,0
2025-12-18,20971751.871498857,20971751.871498857,0,0
2025-12-19,20971751.871498857,20971751.871498857,0,0
2025-12-22,20971751.871498857,20971751.871498857,0,0
2025-12-23,20971751.871498857,20971751.871498857,0,0
2025-12-24,20971751.871498857,20971751.871498857,0,0
2025-12-25,20971751.871498857,20971751.871498857,0,0
2025-12-26,20971751.871498857,20971751.871498857,0,0
2025-12-29,20971751.871498857,20971751.871498857,0,0
2025-12-30,20971751.871498857,20971751.871498857,0,0
2025-12-31,20971751.871498857,20971751.871498857,0,0
2026-01-05,20971751.871498857,20971751.871498857,0,0
2026-01-06,20971751.871498857,20971751.871498857,0,0
2026-01-07,20971751.871498857,20971751.871498857,0,0
2026-01-08,20971751.871498857,20971751.871498857,0,0
2026-01-09,20971751.871498857,20971751.871498857,0,0
2026-01-12,20971751.871498857,20971751.871498857,0,0
2026-01-13,20971751.871498857,20971751.871498857,0,0
2026-01-14,20971751.871498857,20971751.871498857,0,0
2026-01-15,20971751.871498857,20971751.871498857,0,0
2026-01-16,20971751.871498857,20971751.871498857,0,0
2026-01-19,20971751.871498857,20971751.871498857,0,0
2026-01-20,20971751.871498857,20971751.871498857,0,0
2026-01-21,20971751.871498857,20971751.871498857,0,0
2026-01-22,20971751.871498857,20971751.871498857,0,0
2026-01-23,20971751.871498857,20971751.871498857,0,0
2026-01-26,20971751.871498857,20971751.871498857,0,0
2026-01-27,20971751.871498857,20971751.871498857,0,0
2026-01-28,20971751.871498857,20971751.871498857,0,0
2026-01-29,20971751.871498857,20971751.871498857,0,0
2026-01-30,20971751.871498857,20971751.871498857,0,0
2026-02-02,20971751.871498857,20971751.871498857,0,0
2026-02-03,20971751.871498857,20971751.871498857,0,0
2026-02-04,20971751.871498857,20971751.871498857,0,0
2026-02-05,20971751.871498857,20971751.871498857,0,0
2026-02-06,20971751.871498857,20971751.871498857,0,0
2026-02-09,20971751.871498857,20971751.871498857,0,0
2026-02-10,20971751.871498857,20971751.871498857,0,0
2026-02-11,20971751.871498857,20971751.871498857,0,0
2026-02-12,20971751.871498857,20971751.871498857,0,0
2026-02-13,20971751.871498857,20971751.871498857,0,0
2026-02-24,20971751.871498857,20971751.871498857,0,0
2026-02-25,20971751.871498857,20971751.871498857,0,0
2026-02-26,20971751.871498857,20971751.871498857,0,0
2026-02-27,20971751.871498857,20971751.871498857,0,0
2026-03-02,20971751.871498857,20971751.871498857,0,0
2026-03-03,419277.05961885955,20175884.05961886,5,5
2026-03-04,19952545.40894886,19952545.40894886,0,5
2026-03-05,19952545.40894886,19952545.40894886,0,0
2026-03-06,19952545.40894886,19952545.40894886,0,0
2026-03-09,19952545.40894886,19952545.40894886,0,0
2026-03-10,19952545.40894886,19952545.40894886,0,0
2026-03-11,19952545.40894886,19952545.40894886,0,0
2026-03-12,19952545.40894886,19952545.40894886,0,0
2026-03-13,19952545.40894886,19952545.40894886,0,0
2026-03-16,19952545.40894886,19952545.40894886,0,0
2026-03-17,19952545.40894886,19952545.40894886,0,0
2026-03-18,19952545.40894886,19952545.40894886,0,0
2026-03-19,19952545.40894886,19952545.40894886,0,0
2026-03-20,400696.64305386087,20180730.64305386,5,5
2026-03-23,395885.1264688629,19108217.126468863,5,10
2026-03-24,388141.3730288632,19908206.373028863,5,10
2026-03-25,19776186.72753886,19776186.72753886,0,5
2026-03-26,19776186.72753886,19776186.72753886,0,0
2026-03-27,19776186.72753886,19776186.72753886,0,0
2026-03-30,401096.9848838616,19827004.98488386,5,5
2026-03-31,403599.6640838613,19202133.66408386,5,10
