code,name,isDelisted
sh.600000,浦发银行,False
sh.600001,邯郸钢铁,True
sh.600002,齐鲁石化,True
sh.600003,ST东北高,True
sh.600004,白云机场,False
sh.600005,武钢股份,True
sh.600006,东风股份,False
sh.600007,中国国贸,False
sh.600008,首创环保,False
sh.600009,上海机场,False
sh.600010,包钢股份,False
sh.600011,华能国际,False
sh.600012,皖通高速,False
sh.600015,华夏银行,False
sh.600016,民生银行,False
sh.600017,日照港,False
sh.600018,上港集团,False
sh.600019,宝钢股份,False
sh.600020,中原高速,False
sh.600021,上海电力,False
sh.600022,山东钢铁,False
sh.600023,浙能电力,False
sh.600025,华能水电,False
sh.600026,中远海能,False
sh.600027,华电国际,False
sh.600028,中国石化,False
sh.600029,南方航空,False
sh.600030,中信证券,False
sh.600031,三一重工,False
sh.600032,浙江新能,False
sh.600033,福建高速,False
sh.600035,楚天高速,False
sh.600036,招商银行,False
sh.600037,歌华有线,False
sh.600038,中直股份,False
sh.600039,四川路桥,False
sh.600048,保利发展,False
sh.600050,中国联通,False
sh.600051,宁波联合,False
sh.600052,东望时代,False
sh.600053,九鼎投资,False
sh.600054,黄山旅游,False
sh.600055,万东医疗,False
sh.600056,中国医药,False
sh.600057,厦门象屿,False
sh.600058,五矿发展,False
sh.600059,古越龙山,False
sh.600060,海信视像,False
sh.600061,国投资本,False
sh.600062,华润双鹤,False
sh.600063,皖维高新,False
sh.600064,南京高科,False
sh.600065,*ST联谊,True
sh.600066,宇通客车,False
sh.600067,冠城新材,False
sh.600068,葛洲坝,True
sh.600069,退市银鸽,True
sh.600070,*ST富润,True
sh.600071,凤凰光学,False
sh.600072,中船科技,False
sh.600073,光明肉业,False
sh.600074,退市保千,True
sh.600075,新疆天业,False
sh.600076,康欣新材,False
sh.600077,*ST宋都,True
sh.600078,澄星股份,False
sh.600079,ST人福,False
sh.600080,金花股份,False
sh.600081,东风科技,False
sh.600082,海泰发展,False
sh.600083,*ST博信,True
sh.600084,中信尼雅,False
sh.600085,同仁堂,False
sh.600086,退市金钰,True
sh.600087,退市长油,True
sh.600088,中视传媒,False
sh.600089,特变电工,False
sh.600090,退市济堂,True
sh.600091,退市明科,True
sh.600092,S*ST精密,True
sh.600093,退市易见,True
sh.600094,大名城,False
sh.600095,湘财股份,False
sh.600096,云天化,False
sh.600097,开创国际,False
sh.600098,广州发展,False
sh.600099,林海股份,False
sh.600100,同方股份,False
sh.600101,明星电力,False
sh.600102,莱钢股份,True
sh.600103,青山纸业,False
sh.600104,上汽集团,False
sh.600105,永鼎股份,False
sh.600106,重庆路桥,False
sh.600107,ST尔雅,False
sh.600108,亚盛集团,False
sh.600109,国金证券,False
sh.600110,诺德股份,False
sh.600111,北方稀土,False
sh.600112,*ST天成,True
sh.600113,浙江东日,False
sh.600114,东睦股份,False
sh.600115,中国东航,False
sh.600116,三峡水利,False
sh.600117,西宁特钢,False
sh.600118,中国卫星,False
sh.600119,长江投资,False
sh.600120,浙江东方,False
sh.600121,郑州煤电,False
sh.600122,*ST宏图,True
sh.600123,兰花科创,False
sh.600125,铁龙物流,False
sh.600126,杭钢股份,False
sh.600127,金健米业,False
sh.600128,苏豪弘业,False
sh.600129,太极集团,False
sh.600130,*ST波导,False
sh.600131,国网信通,False
sh.600132,重庆啤酒,False
sh.600133,东湖高新,False
sh.600135,乐凯胶片,False
sh.600136,ST明诚,False
sh.600137,浪莎股份,False
sh.600138,中青旅,False
sh.600139,*ST西源,True
sh.600141,兴发集团,False
sh.600143,金发科技,False
sh.600145,退市新亿,True
sh.600146,退市环球,True
sh.600148,长春一东,False
sh.600149,廊坊发展,False
sh.600150,中国船舶,False
sh.600151,航天机电,False
sh.600152,维科技术,False
sh.600153,建发股份,False
sh.600155,华创云信,False
sh.600156,华升股份,False
sh.600157,永泰能源,False
sh.600158,中体产业,False
sh.600159,大龙地产,False
sh.600160,巨化股份,False
sh.600161,天坛生物,False
sh.600162,香江控股,False
sh.600163,中闽能源,False
sh.600165,ST宁科,False
sh.600166,福田汽车,False
sh.600167,联美控股,False
sh.600168,武汉控股,False
sh.600169,ST太重,False
sh.600170,上海建工,False
sh.600171,上海贝岭,False
sh.600172,黄河旋风,False
sh.600173,卧龙新能,False
sh.600175,退市美都,True
sh.600176,中国巨石,False
sh.600177,雅戈尔,False
sh.600178,东安动力,False
sh.600179,安通控股,False
sh.600180,瑞茂通,False
sh.600181,S*ST云大,True
sh.600182,S佳通,False
sh.600183,生益科技,False
sh.600184,光电股份,False
sh.600185,珠免集团,False
sh.600186,莲花控股,False
sh.600187,国中水务,False
sh.600188,兖矿能源,False
sh.600189,泉阳泉,False
sh.600190,退市锦港,True
sh.600191,华资实业,False
sh.600192,长城电工,False
sh.600193,*ST创兴,False
sh.600195,中牧股份,False
sh.600196,复星医药,False
sh.600197,伊力特,False
sh.600198,大唐电信,False
sh.600199,金种子酒,False
sh.600200,退市苏吴,True
sh.600201,生物股份,False
sh.600202,哈空调,False
sh.600203,福日电子,False
sh.600205,S山东铝,True
sh.600206,有研新材,False
sh.600207,安彩高科,False
sh.600208,衢州发展,False
sh.600209,退市罗顿,True
sh.600210,紫江企业,False
sh.600211,西藏药业,False
sh.600212,绿能慧充,False
sh.600213,*ST亚星,True
sh.600215,派斯林,False
sh.600216,浙江医药,False
sh.600217,中再资环,False
sh.600218,全柴动力,False
sh.600219,南山铝业,False
sh.600220,ST阳光,True
sh.600221,海航控股,False
sh.600222,太龙药业,False
sh.600223,福瑞达,False
sh.600225,退市卓朗,True
sh.600226,亨通股份,False
sh.600227,赤天化,False
sh.600228,*ST返利,False
sh.600229,城市传媒,False
sh.600230,沧州大化,False
sh.600231,凌钢股份,False
sh.600232,金鹰股份,False
sh.600233,圆通速递,False
sh.600234,科新发展,False
sh.600235,民丰特纸,False
sh.600236,桂冠电力,False
sh.600237,铜峰电子,False
sh.600238,*ST椰岛,False
sh.600239,云南城投,False
sh.600240,退市华业,True
sh.600241,时代万恒,False
sh.600242,退市中昌,True
sh.600243,*ST海华,False
sh.600246,万通发展,False
sh.600247,*ST成城,True
sh.600248,陕建股份,False
sh.600249,两面针,False
sh.600250,南京商旅,False
sh.600251,冠农股份,False
sh.600252,中恒集团,False
sh.600253,天方药业,True
sh.600255,鑫科材料,False
sh.600256,广汇能源,False
sh.600257,大湖股份,False
sh.600258,首旅酒店,False
sh.600259,中稀有色,False
sh.600260,*ST凯乐,True
sh.600261,阳光照明,False
sh.600262,北方股份,False
sh.600263,路桥建设,True
sh.600265,ST景谷,False
sh.600266,城建发展,False
sh.600267,海正药业,False
sh.600268,国电南自,False
sh.600269,赣粤高速,False
sh.600270,外运发展,True
sh.600271,航天信息,False
sh.600272,开开实业,False
sh.600273,嘉化能源,False
sh.600275,退市昌鱼,True
sh.600276,恒瑞医药,False
sh.600277,ST亿利,True
sh.600278,东方创业,False
sh.600279,重庆港,False
sh.600280,中央商场,False
sh.600281,华阳新材,False
sh.600282,南钢股份,False
sh.600283,钱江水利,False
sh.600284,浦东建设,False
sh.600285,羚锐制药,False
sh.600286,S*ST国瓷,True
sh.600287,苏豪时尚,False
sh.600288,大恒科技,False
sh.600289,ST信通,False
sh.600290,*ST华仪,True
sh.600291,退市西水,True
sh.600292,电投水电,False
sh.600293,三峡新材,False
sh.600295,鄂尔多斯,False
sh.600296,S兰铝,True
sh.600297,广汇汽车,True
sh.600298,安琪酵母,False
sh.600299,安迪苏,False
sh.600300,维维股份,False
sh.600301,华锡有色,False
sh.600302,标准股份,False
sh.600303,曙光股份,False
sh.600305,恒顺醋业,False
sh.600306,退市商城,True
sh.600307,酒钢宏兴,False
sh.600308,华泰股份,False
sh.600309,万华化学,False
sh.600310,广西能源,False
sh.600311,*ST荣华,True
sh.600312,平高电气,False
sh.600313,农发种业,False
sh.600315,上海家化,False
sh.600316,洪都航空,False
sh.600317,营口港,True
sh.600318,新力金融,False
sh.600319,亚星化学,False
sh.600320,振华重工,False
sh.600321,正源股份,True
sh.600322,津投城开,False
sh.600323,瀚蓝环境,False
sh.600325,华发股份,False
sh.600326,西藏天路,False
sh.600327,大东方,False
sh.600328,中盐化工,False
sh.600329,达仁堂,False
sh.600330,天通股份,False
sh.600331,宏达股份,False
sh.600332,白云山,False
sh.600333,长春燃气,False
sh.600335,国机汽车,False
sh.600336,澳柯玛,False
sh.600337,美克家居,False
sh.600338,西藏珠峰,False
sh.600339,中油工程,False
sh.600340,华夏幸福,False
sh.600343,航天动力,False
sh.600345,长江通信,False
sh.600346,恒力石化,False
sh.600348,华阳股份,False
sh.600350,山东高速,False
sh.600351,亚宝药业,False
sh.600352,浙江龙盛,False
sh.600353,旭光电子,False
sh.600354,敦煌种业,False
sh.600355,*ST精伦,False
sh.600356,恒丰纸业,False
sh.600357,承德钒钛,True
sh.600358,ST联合,False
sh.600359,新农开发,False
sh.600360,*ST华微,False
sh.600361,创新新材,False
sh.600362,江西铜业,False
sh.600363,联创光电,False
sh.600365,ST通葡,False
sh.600366,宁波韵升,False
sh.600367,红星发展,False
sh.600368,五洲交通,False
sh.600369,西南证券,False
sh.600370,三房巷,False
sh.600371,万向德农,False
sh.600372,中航机载,False
sh.600373,中文传媒,False
sh.600375,汉马科技,False
sh.600376,首开股份,False
sh.600377,宁沪高速,False
sh.600378,昊华科技,False
sh.600379,宝光股份,False
sh.600380,健康元,False
sh.600381,*ST春天,False
sh.600382,广东明珠,False
sh.600383,金地集团,False
sh.600385,退市金泰,True
sh.600386,北巴传媒,False
sh.600387,退市海越,True
sh.600388,龙净环保,False
sh.600389,江山股份,False
sh.600390,五矿资本,False
sh.600391,航发科技,False
sh.600392,盛和资源,False
sh.600393,ST粤泰,True
sh.600395,盘江股份,False
sh.600396,华电辽能,False
sh.600397,江钨装备,False
sh.600398,海澜之家,False
sh.600399,抚顺特钢,False
sh.600400,红豆股份,False
sh.600401,退市海润,True
sh.600403,大有能源,False
sh.600405,动力源,False
sh.600406,国电南瑞,False
sh.600408,安泰集团,False
sh.600409,三友化工,False
sh.600410,华胜天成,False
sh.600415,小商品城,False
sh.600416,湘电股份,False
sh.600418,江淮汽车,False
sh.600419,天润乳业,False
sh.600420,国药现代,False
sh.600421,*ST华嵘,False
sh.600422,昆药集团,False
sh.600423,柳化股份,False
sh.600425,青松建化,False
sh.600426,华鲁恒升,False
sh.600428,中远海特,False
sh.600429,三元股份,False
sh.600432,退市吉恩,True
sh.600433,冠豪高新,False
sh.600435,北方导航,False
sh.600436,片仔癀,False
sh.600438,通威股份,False
sh.600439,瑞贝卡,False
sh.600444,国机通用,False
sh.600446,金证股份,False
sh.600448,华纺股份,False
sh.600449,宁夏建材,False
sh.600452,涪陵电力,False
sh.600455,博通股份,False
sh.600456,宝钛股份,False
sh.600458,时代新材,False
sh.600459,贵研铂业,False
sh.600460,士兰微,False
sh.600461,洪城环境,False
sh.600462,退市九有,True
sh.600463,空港股份,False
sh.600466,*ST蓝光,True
sh.600467,好当家,False
sh.600468,百利电气,False
sh.600469,风神股份,False
sh.600470,六国化工,False
sh.600472,包头铝业,True
sh.600475,华光环能,False
sh.600476,湘邮科技,False
sh.600477,杭萧钢构,False
sh.600478,科力远,False
sh.600479,千金药业,False
sh.600480,凌云股份,False
sh.600481,双良节能,False
sh.600482,中国动力,False
sh.600483,福能股份,False
sh.600485,*ST信威,True
sh.600486,扬农化工,False
sh.600487,亨通光电,False
sh.600488,津药药业,False
sh.600489,中金黄金,False
sh.600490,鹏欣资源,False
sh.600491,龙元建设,False
sh.600493,凤竹纺织,False
sh.600495,晋西车轴,False
sh.600496,精工钢构,False
sh.600497,驰宏锌锗,False
sh.600498,烽火通信,False
sh.600499,科达制造,False
sh.600500,中化国际,False
sh.600501,航天晨光,False
sh.600502,安徽建工,False
sh.600503,华丽家族,False
sh.600505,西昌电力,False
sh.600506,统一股份,False
sh.600507,方大特钢,False
sh.600508,上海能源,False
sh.600509,天富能源,False
sh.600510,黑牡丹,False
sh.600511,国药股份,False
sh.600512,腾达建设,False
sh.600513,联环药业,False
sh.600515,海南机场,False
sh.600516,方大炭素,False
sh.600517,国网英大,False
sh.600518,康美药业,False
sh.600519,贵州茅台,False
sh.600520,三佳科技,False
sh.600521,华海药业,False
sh.600522,中天科技,False
sh.600523,贵航股份,False
sh.600525,ST长园,False
sh.600526,菲达环保,False
sh.600527,江南高纤,False
sh.600528,中铁工业,False
sh.600529,山东药玻,False
sh.600530,交大昂立,False
sh.600531,豫光金铅,False
sh.600532,退市未来,True
sh.600533,栖霞建设,False
sh.600535,天士力,False
sh.600536,中国软件,False
sh.600537,亿晶光电,False
sh.600538,国发股份,False
sh.600539,狮头股份,False
sh.600540,新赛股份,False
sh.600543,莫高股份,False
sh.600545,卓郎智能,False
sh.600546,山煤国际,False
sh.600547,山东黄金,False
sh.600548,深高速,False
sh.600549,厦门钨业,False
sh.600550,保变电气,False
sh.600551,时代出版,False
sh.600552,凯盛科技,False
sh.600553,太行水泥,True
sh.600555,退市海创,True
sh.600556,天下秀,False
sh.600557,康缘药业,False
sh.600558,大西洋,False
sh.600559,老白干酒,False
sh.600560,金自天正,False
sh.600561,江西长运,False
sh.600562,国睿科技,False
sh.600563,法拉电子,False
sh.600565,ST迪马,True
sh.600566,济川药业,False
sh.600567,山鹰国际,False
sh.600568,ST中珠,False
sh.600569,安阳钢铁,False
sh.600570,恒生电子,False
sh.600571,信雅达,False
sh.600572,康恩贝,False
sh.600573,惠泉啤酒,False
sh.600575,淮河能源,False
sh.600576,祥源文旅,False
sh.600577,精达股份,False
sh.600578,京能电力,False
sh.600579,中化装备,False
sh.600580,卧龙电驱,False
sh.600581,*ST八钢,False
sh.600582,天地科技,False
sh.600583,海油工程,False
sh.600584,长电科技,False
sh.600585,海螺水泥,False
sh.600586,金晶科技,False
sh.600587,新华医疗,False
sh.600588,用友网络,False
sh.600589,大位科技,False
sh.600590,泰豪科技,False
sh.600591,*ST上航,True
sh.600592,龙溪股份,False
sh.600593,大连圣亚,False
sh.600594,益佰制药,False
sh.600595,中孚实业,False
sh.600596,新安股份,False
sh.600597,光明乳业,False
sh.600598,北大荒,False
sh.600599,*ST熊猫,False
sh.600600,青岛啤酒,False
sh.600601,方正科技,False
sh.600602,云赛智联,False
sh.600603,广汇物流,False
sh.600604,市北高新,False
sh.600605,汇通能源,False
sh.600606,绿地控股,False
sh.600607,上实医药,True
sh.600608,*ST沪科,False
sh.600609,金杯汽车,False
sh.600610,中毅达,False
sh.600611,大众交通,False
sh.600612,老凤祥,False
sh.600613,神奇制药,False
sh.600614,退市鹏起,True
sh.600615,鑫源智造,False
sh.600616,金枫酒业,False
sh.600617,国新能源,False
sh.600618,氯碱化工,False
sh.600619,海立股份,False
sh.600620,天宸股份,False
sh.600621,华鑫股份,False
sh.600622,光大嘉宝,False
sh.600623,华谊集团,False
sh.600624,ST复华,False
sh.600625,PT水仙,True
sh.600626,申达股份,False
sh.600627,上电股份,True
sh.600628,新世界,False
sh.600629,华建集团,False
sh.600630,龙头股份,False
sh.600631,百联股份,True
sh.600632,华联商厦,True
sh.600633,浙数文化,False
sh.600634,退市富控,True
sh.600635,大众公用,False
sh.600636,*ST国化,False
sh.600637,东方明珠,False
sh.600638,新黄浦,False
sh.600639,浦东金桥,False
sh.600640,国脉文化,False
sh.600641,先导基电,False
sh.600642,申能股份,False
sh.600643,爱建集团,False
sh.600644,乐山电力,False
sh.600645,中源协和,False
sh.600646,ST国嘉,True
sh.600647,退市同达,True
sh.600648,外高桥,False
sh.600649,城投控股,False
sh.600650,锦江在线,False
sh.600651,飞乐音响,False
sh.600652,退市游久,True
sh.600653,申华控股,False
sh.600654,中安科,False
sh.600655,豫园股份,False
sh.600656,退市博元,True
sh.600657,信达地产,False
sh.600658,电子城,False
sh.600659,*ST花雕,True
sh.600660,福耀玻璃,False
sh.600661,昂立教育,False
sh.600662,外服控股,False
sh.600663,陆家嘴,False
sh.600664,哈药股份,False
sh.600665,天地源,False
sh.600666,奥瑞德,False
sh.600667,太极实业,False
sh.600668,尖峰集团,False
sh.600669,*ST鞍成,True
sh.600670,*ST斯达,True
sh.600671,天目药业,False
sh.600672,*ST华圣,True
sh.600673,东阳光,False
sh.600674,川投能源,False
sh.600675,中华企业,False
sh.600676,交运股份,False
sh.600677,*ST航通,True
sh.600678,四川金顶,False
sh.600679,上海凤凰,False
sh.600680,*ST上普,True
sh.600681,百川能源,False
sh.600682,南京新百,False
sh.600683,京投发展,False
sh.600684,珠江股份,False
sh.600685,中船防务,False
sh.600686,金龙汽车,False
sh.600687,退市刚泰,True
sh.600688,上海石化,False
sh.600689,上海三毛,False
sh.600690,海尔智家,False
sh.600691,潞化科技,False
sh.600692,亚通股份,False
sh.600693,东百集团,False
sh.600694,大商股份,False
sh.600695,退市绿庭,True
sh.600696,*ST岩石,False
sh.600697,欧亚集团,False
sh.600698,湖南天雁,False
sh.600699,均胜电子,False
sh.600700,*ST数码,True
sh.600701,退市工新,True
sh.600702,舍得酒业,False
sh.600703,三安光电,False
sh.600704,物产中大,False
sh.600705,中航产融,True
sh.600706,曲江文旅,False
sh.600707,彩虹股份,False
sh.600708,光明地产,False
sh.600709,ST生态,True
sh.600710,苏美达,False
sh.600711,盛屯矿业,False
sh.600712,南宁百货,False
sh.600713,南京医药,False
sh.600714,金瑞矿业,False
sh.600715,文投控股,False
sh.600716,凤凰股份,False
sh.600717,天津港,False
sh.600718,东软集团,False
sh.600719,大连热电,False
sh.600720,中交设计,False
sh.600721,百花医药,False
sh.600722,金牛化工,False
sh.600723,首商股份,True
sh.600724,宁波富达,False
sh.600725,云维股份,False
sh.600726,华电能源,False
sh.600727,鲁北化工,False
sh.600728,佳都科技,False
sh.600729,重庆百货,False
sh.600730,中国高科,False
sh.600731,湖南海利,False
sh.600732,爱旭股份,False
sh.600733,北汽蓝谷,False
sh.600734,实达集团,False
sh.600735,ST新华锦,False
sh.600736,苏州高新,False
sh.600737,中粮糖业,False
sh.600738,丽尚国潮,False
sh.600739,辽宁成大,False
sh.600740,山西焦化,False
sh.600741,华域汽车,False
sh.600742,富维股份,False
sh.600743,华远控股,False
sh.600744,华银电力,False
sh.600745,闻泰科技,False
sh.600746,江苏索普,False
sh.600747,退市大控,True
sh.600748,上实发展,False
sh.600749,西藏旅游,False
sh.600750,华润江中,False
sh.600751,海航科技,False
sh.600752,*ST哈慈,True
sh.600753,*ST海钦,False
sh.600754,锦江酒店,False
sh.600755,厦门国贸,False
sh.600756,浪潮软件,False
sh.600757,长江传媒,False
sh.600758,辽宁能源,False
sh.600759,洲际油气,False
sh.600760,中航沈飞,False
sh.600761,安徽合力,False
sh.600762,S*ST金荔,True
sh.600763,通策医疗,False
sh.600764,中国海防,False
sh.600765,中航重机,False
sh.600766,退市园城,True
sh.600767,退市运盛,True
sh.600768,宁波富邦,False
sh.600769,祥龙电业,False
sh.600770,综艺股份,False
sh.600771,广誉远,False
sh.600772,S*ST龙昌,True
sh.600773,西藏城投,False
sh.600774,汉商集团,False
sh.600775,南京熊猫,False
sh.600776,东方通信,False
sh.600777,*ST新潮,False
sh.600778,友好集团,False
sh.600779,水井坊,False
sh.600780,通宝能源,False
sh.600781,退市辅仁,True
sh.600782,新钢股份,False
sh.600783,鲁信创投,False
sh.600784,鲁银投资,False
sh.600785,新华百货,False
sh.600786,东方锅炉,True
sh.600787,中储股份,False
sh.600788,*ST达曼,True
sh.600789,鲁抗医药,False
sh.600790,轻纺城,False
sh.600791,京能置业,False
sh.600792,云煤能源,False
sh.600793,宜宾纸业,False
sh.600794,保税科技,False
sh.600795,国电电力,False
sh.600796,钱江生化,False
sh.600797,浙大网新,False
sh.600798,宁波海运,False
sh.600799,*ST龙科,True
sh.600800,渤海化学,False
sh.600801,华新建材,False
sh.600802,福建水泥,False
sh.600803,新奥股份,False
sh.600804,退市鹏博,True
sh.600805,悦达投资,False
sh.600806,退市昆机,True
sh.600807,济高发展,False
sh.600808,马钢股份,False
sh.600809,山西汾酒,False
sh.600810,神马股份,False
sh.600811,*ST东方,True
sh.600812,华北制药,False
sh.600813,ST鞍一工,True
sh.600814,杭州解百,False
sh.600815,厦工股份,False
sh.600816,建元信托,False
sh.600817,宇通重工,False
sh.600818,中路股份,False
sh.600819,耀皮玻璃,False
sh.600820,隧道股份,False
sh.600821,金开新能,False
sh.600822,上海物贸,False
sh.600823,*ST世茂,True
sh.600824,益民集团,False
sh.600825,新华传媒,False
sh.600826,兰生股份,False
sh.600827,百联股份,False
sh.600828,茂业商业,False
sh.600829,人民同泰,False
sh.600830,香溢融通,False
sh.600831,广电网络,False
sh.600832,东方明珠,True
sh.600833,第一医药,False
sh.600834,申通地铁,False
sh.600835,上海机电,False
sh.600836,*ST易连,True
sh.600837,海通证券,True
sh.600838,上海九百,False
sh.600839,四川长虹,False
sh.600840,新湖创业,True
sh.600841,动力新科,False
sh.600842,中西药业,True
sh.600843,上工申贝,False
sh.600844,金煤科技,False
sh.600845,宝信软件,False
sh.600846,同济科技,False
sh.600847,万里股份,False
sh.600848,上海临港,False
sh.600849,上药转换,True
sh.600850,电科数字,False
sh.600851,海欣股份,False
sh.600852,*ST中川,True
sh.600853,龙建股份,False
sh.600854,春兰股份,False
sh.600855,航天长峰,False
sh.600856,退市中天,True
sh.600857,宁波中百,False
sh.600858,银座股份,False
sh.600859,王府井,False
sh.600860,京城股份,False
sh.600861,北京人力,False
sh.600862,中航高科,False
sh.600863,华能蒙电,False
sh.600864,哈投股份,False
sh.600865,百大集团,False
sh.600866,星湖科技,False
sh.600867,通化东宝,False
sh.600868,梅雁吉祥,False
sh.600869,远东股份,False
sh.600870,退市厦华,True
sh.600871,石化油服,False
sh.600872,中炬高新,False
sh.600873,梅花生物,False
sh.600874,创业环保,False
sh.600875,东方电气,False
sh.600876,凯盛新能,False
sh.600877,电科芯片,False
sh.600878,*ST北科,True
sh.600879,航天电子,False
sh.600880,博瑞传播,False
sh.600881,亚泰集团,False
sh.600882,妙可蓝多,False
sh.600883,博闻科技,False
sh.600884,杉杉股份,False
sh.600885,宏发股份,False
sh.600886,国投电力,False
sh.600887,伊利股份,False
sh.600888,新疆众和,False
sh.600889,南京化纤,False
sh.600890,退市中房,True
sh.600891,退市秋林,True
sh.600892,*ST大晟,False
sh.600893,航发动力,False
sh.600894,广日股份,False
sh.600895,张江高科,False
sh.600896,退市海医,True
sh.600897,厦门空港,False
sh.600898,*ST美讯,True
sh.600899,*ST信联,True
sh.600900,长江电力,False
sh.600901,江苏金租,False
sh.600903,贵州燃气,False
sh.600905,三峡能源,False
sh.600906,财达证券,False
sh.600908,无锡银行,False
sh.600909,华安证券,False
sh.600916,中国黄金,False
sh.600917,重庆燃气,False
sh.600918,中泰证券,False
sh.600919,江苏银行,False
sh.600925,苏能股份,False
sh.600926,杭州银行,False
sh.600927,永安期货,False
sh.600928,西安银行,False
sh.600929,雪天盐业,False
sh.600930,华电新能,False
sh.600933,爱柯迪,False
sh.600935,华塑股份,False
sh.600936,北投科技,False
sh.600938,中国海油,False
sh.600939,重庆建工,False
sh.600941,中国移动,False
sh.600955,维远股份,False
sh.600956,新天绿能,False
sh.600958,东方证券,False
sh.600959,江苏有线,False
sh.600960,渤海汽车,False
sh.600961,株冶集团,False
sh.600962,国投中鲁,False
sh.600963,岳阳林纸,False
sh.600965,福成股份,False
sh.600966,博汇纸业,False
sh.600967,内蒙一机,False
sh.600968,海油发展,False
sh.600969,郴电国际,False
sh.600970,中材国际,False
sh.600971,恒源煤电,False
sh.600973,宝胜股份,False
sh.600975,新五丰,False
sh.600976,健民集团,False
sh.600977,中国电影,False
sh.600978,*ST宜生,True
sh.600979,广安爱众,False
sh.600980,北矿科技,False
sh.600981,苏豪汇鸿,False
sh.600982,宁波能源,False
sh.600983,惠而浦,False
sh.600984,建设机械,False
sh.600985,淮北矿业,False
sh.600986,浙文互联,False
sh.600987,航民股份,False
sh.600988,赤峰黄金,False
sh.600989,宝丰能源,False
sh.600990,四创电子,False
sh.600991,广汽长丰,True
sh.600992,贵绳股份,False
sh.600993,马应龙,False
sh.600995,南网储能,False
sh.600996,贵广网络,False
sh.600997,开滦股份,False
sh.600998,九州通,False
sh.600999,招商证券,False
sh.601000,唐山港,False
sh.601001,晋控煤业,False
sh.601002,晋亿实业,False
sh.601003,柳钢股份,False
sh.601005,重庆钢铁,False
sh.601006,大秦铁路,False
sh.601007,金陵饭店,False
sh.601008,连云港,False
sh.601009,南京银行,False
sh.601010,文峰股份,False
sh.601011,宝泰隆,False
sh.601012,隆基绿能,False
sh.601015,陕西黑猫,False
sh.601016,节能风电,False
sh.601018,宁波港,False
sh.601019,山东出版,False
sh.601020,华钰矿业,False
sh.601021,春秋航空,False
sh.601022,宁波远洋,False
sh.601026,道生天合,False
sh.601028,玉龙股份,True
sh.601033,永兴股份,False
sh.601038,一拖股份,False
sh.601058,赛轮轮胎,False
sh.601059,信达证券,False
sh.601061,中信金属,False
sh.601065,江盐集团,False
sh.601066,中信建投,False
sh.601068,中铝国际,False
sh.601069,西部黄金,False
sh.601077,渝农商行,False
sh.601083,锦江航运,False
sh.601086,国芳集团,False
sh.601088,中国神华,False
sh.601089,福元医药,False
sh.601096,宏盛华源,False
sh.601098,中南传媒,False
sh.601099,太平洋,False
sh.601100,恒立液压,False
sh.601101,昊华能源,False
sh.601106,中国一重,False
sh.601107,四川成渝,False
sh.601108,财通证券,False
sh.601111,中国国航,False
sh.601112,振石股份,False
sh.601113,华鼎股份,False
sh.601116,三江购物,False
sh.601117,中国化学,False
sh.601118,海南橡胶,False
sh.601121,宝地矿业,False
sh.601126,四方股份,False
sh.601127,赛力斯,False
sh.601128,常熟银行,False
sh.601133,柏诚股份,False
sh.601136,首创证券,False
sh.601137,博威合金,False
sh.601138,工业富联,False
sh.601139,深圳燃气,False
sh.601155,新城控股,False
sh.601156,东航物流,False
sh.601158,重庆水务,False
sh.601162,天风证券,False
sh.601163,三角轮胎,False
sh.601166,兴业银行,False
sh.601168,西部矿业,False
sh.601169,北京银行,False
sh.601177,杭齿前进,False
sh.601179,中国西电,False
sh.601186,中国铁建,False
sh.601187,厦门银行,False
sh.601188,龙江交通,False
sh.601198,东兴证券,False
sh.601199,江南水务,False
sh.601200,上海环境,False
sh.601208,东材科技,False
sh.601211,国泰海通,False
sh.601212,白银有色,False
sh.601216,君正集团,False
sh.601218,吉鑫科技,False
sh.601222,林洋能源,False
sh.601225,陕西煤业,False
sh.601226,华电科工,False
sh.601228,广州港,False
sh.601229,上海银行,False
sh.601231,环旭电子,False
sh.601233,桐昆股份,False
sh.601236,红塔证券,False
sh.601238,广汽集团,False
sh.601258,*ST庞大,True
sh.601268,*ST二重,True
sh.601279,英利汽车,False
sh.601288,农业银行,False
sh.601298,青岛港,False
sh.601299,中国北车,True
sh.601311,骆驼股份,False
sh.601318,中国平安,False
sh.601319,中国人保,False
sh.601326,秦港股份,False
sh.601328,交通银行,False
sh.601330,绿色动力,False
sh.601333,广深铁路,False
sh.601336,新华保险,False
sh.601339,百隆东方,False
sh.601360,三六零,False
sh.601366,利群股份,False
sh.601368,绿城水务,False
sh.601369,陕鼓动力,False
sh.601375,中原证券,False
sh.601377,兴业证券,False
sh.601388,怡球资源,False
sh.601390,中国中铁,False
sh.601398,工商银行,False
sh.601399,国机重装,False
sh.601456,国联民生,False
sh.601500,通用股份,False
sh.601512,中新集团,False
sh.601515,衢州东峰,False
sh.601518,吉林高速,False
sh.601519,大智慧,False
sh.601528,瑞丰银行,False
sh.601555,东吴证券,False
sh.601558,退市锐电,True
sh.601566,九牧王,False
sh.601567,三星医疗,False
sh.601568,北元集团,False
sh.601577,长沙银行,False
sh.601579,会稽山,False
sh.601588,北辰实业,False
sh.601595,上海电影,False
sh.601598,中国外运,False
sh.601599,浙文影业,False
sh.601600,中国铝业,False
sh.601601,中国太保,False
sh.601606,长城军工,False
sh.601607,上海医药,False
sh.601608,中信重工,False
sh.601609,金田股份,False
sh.601611,中国核建,False
sh.601615,明阳智能,False
sh.601616,广电电气,False
sh.601618,中国中冶,False
sh.601619,嘉泽新能,False
sh.601628,中国人寿,False
sh.601633,长城汽车,False
sh.601636,旗滨集团,False
sh.601658,邮储银行,False
sh.601665,齐鲁银行,False
sh.601666,平煤股份,False
sh.601668,中国建筑,False
sh.601669,中国电建,False
sh.601677,明泰铝业,False
sh.601678,滨化股份,False
sh.601686,友发集团,False
sh.601688,华泰证券,False
sh.601689,拓普集团,False
sh.601696,中银证券,False
sh.601698,中国卫通,False
sh.601699,潞安环能,False
sh.601700,风范股份,False
sh.601702,华峰铝业,False
sh.601717,中创智领,False
sh.601718,际华集团,False
sh.601727,上海电气,False
sh.601728,中国电信,False
sh.601766,中国中车,False
sh.601777,千里科技,False
sh.601778,晶科科技,False
sh.601788,光大证券,False
sh.601789,宁波建工,False
sh.601798,蓝科高新,False
sh.601799,星宇股份,False
sh.601800,中国交建,False
sh.601801,皖新传媒,False
sh.601808,中海油服,False
sh.601811,新华文轩,False
sh.601816,京沪高铁,False
sh.601818,光大银行,False
sh.601825,沪农商行,False
sh.601827,三峰环境,False
sh.601828,美凯龙,False
sh.601838,成都银行,False
sh.601857,中国石油,False
sh.601858,中国科传,False
sh.601860,紫金银行,False
sh.601865,福莱特,False
sh.601866,中远海发,False
sh.601868,中国能建,False
sh.601869,长飞光纤,False
sh.601872,招商轮船,False
sh.601877,正泰电器,False
sh.601878,浙商证券,False
sh.601880,辽港股份,False
sh.601881,中国银河,False
sh.601882,海天精工,False
sh.601886,江河集团,False
sh.601888,中国中免,False
sh.601890,亚星锚链,False
sh.601898,中煤能源,False
sh.601899,紫金矿业,False
sh.601900,南方传媒,False
sh.601901,方正证券,False
sh.601908,京运通,False
sh.601916,浙商银行,False
sh.601918,新集能源,False
sh.601919,中远海控,False
sh.601921,浙版传媒,False
sh.601928,凤凰传媒,False
sh.601929,吉视传媒,False
sh.601933,永辉超市,False
sh.601939,建设银行,False
sh.601949,中国出版,False
sh.601952,苏垦农发,False
sh.601956,东贝集团,False
sh.601958,金钼股份,False
sh.601963,重庆银行,False
sh.601965,中国汽研,False
sh.601966,玲珑轮胎,False
sh.601968,宝钢包装,False
sh.601969,海南矿业,False
sh.601975,招商南油,False
sh.601985,中国核电,False
sh.601988,中国银行,False
sh.601989,中国重工,True
sh.601990,南京证券,False
sh.601991,大唐发电,False
sh.601992,金隅集团,False
sh.601995,中金公司,False
sh.601996,丰林集团,False
sh.601997,贵阳银行,False
sh.601998,中信银行,False
sh.601999,出版传媒,False
sh.603000,人民网,False
sh.603001,奥康国际,False
sh.603002,宏昌电子,False
sh.603003,退市龙宇,True
sh.603004,鼎龙科技,False
sh.603005,晶方科技,False
sh.603006,联明股份,False
sh.603007,*ST花王,False
sh.603008,喜临门,False
sh.603009,北特科技,False
sh.603010,万盛股份,False
sh.603011,合锻智能,False
sh.603012,创力集团,False
sh.603013,亚普股份,False
sh.603014,威高血净,False
sh.603015,弘讯科技,False
sh.603016,新宏泰,False
sh.603017,中衡设计,False
sh.603018,华设集团,False
sh.603019,中科曙光,False
sh.603020,爱普股份,False
sh.603021,ST华鹏,False
sh.603022,新通联,False
sh.603023,威帝股份,False
sh.603025,大豪科技,False
sh.603026,石大胜华,False
sh.603027,千禾味业,False
sh.603028,赛福天,False
sh.603029,天鹅股份,False
sh.603030,全筑股份,False
sh.603031,安孚科技,False
sh.603032,德新科技,False
sh.603033,三维股份,False
sh.603035,常熟汽饰,False
sh.603036,如通股份,False
sh.603037,凯众股份,False
sh.603038,华立股份,False
sh.603039,泛微网络,False
sh.603040,新坐标,False
sh.603041,美思德,False
sh.603042,华脉科技,False
sh.603043,广州酒家,False
sh.603045,福达合金,False
sh.603048,浙江黎明,False
sh.603049,中策橡胶,False
sh.603050,科林电气,False
sh.603051,鹿山新材,False
sh.603052,可川科技,False
sh.603053,成都燃气,False
sh.603055,台华新材,False
sh.603056,德邦股份,True
sh.603057,紫燕食品,False
sh.603058,永吉股份,False
sh.603059,倍加洁,False
sh.603060,国检集团,False
sh.603061,金海通,False
sh.603062,麦加芯彩,False
sh.603063,禾望电气,False
sh.603065,宿迁联盛,False
sh.603066,音飞储存,False
sh.603067,振华股份,False
sh.603068,博通集成,False
sh.603069,海汽集团,False
sh.603070,万控智造,False
sh.603071,物产环能,False
sh.603072,天和磁材,False
sh.603073,彩蝶实业,False
sh.603075,热威股份,False
sh.603076,乐惠国际,False
sh.603077,和邦生物,False
sh.603078,江化微,False
sh.603079,圣达生物,False
sh.603080,新疆火炬,False
sh.603081,大丰实业,False
sh.603082,北自科技,False
sh.603083,剑桥科技,False
sh.603085,天成自控,False
sh.603086,先达股份,False
sh.603087,甘李药业,False
sh.603088,宁波精达,False
sh.603089,正裕工业,False
sh.603090,宏盛股份,False
sh.603091,众鑫股份,False
sh.603092,德力佳,False
sh.603093,南华期货,False
sh.603095,越剑智能,False
sh.603096,新经典,False
sh.603097,江苏华辰,False
sh.603098,森特股份,False
sh.603099,长白山,False
sh.603100,川仪股份,False
sh.603101,汇嘉时代,False
sh.603102,百合股份,False
sh.603103,横店影视,False
sh.603105,芯能科技,False
sh.603106,恒银科技,False
sh.603107,上海汽配,False
sh.603108,润达医疗,False
sh.603109,神驰机电,False
sh.603110,东方材料,False
sh.603111,康尼机电,False
sh.603112,华翔股份,False
sh.603113,金能科技,False
sh.603115,海星股份,False
sh.603116,红蜻蜓,False
sh.603117,万林物流,False
sh.603118,共进股份,False
sh.603119,浙江荣泰,False
sh.603120,肯特催化,False
sh.603121,华培动力,False
sh.603122,合富中国,False
sh.603123,翠微股份,False
sh.603124,江南新材,False
sh.603125,常青科技,False
sh.603126,中材节能,False
sh.603127,昭衍新药,False
sh.603128,华贸物流,False
sh.603129,春风动力,False
sh.603130,云中马,False
sh.603131,上海沪工,False
sh.603132,金徽股份,False
sh.603133,退市碳元,True
sh.603135,中重科技,False
sh.603136,天目湖,False
sh.603137,恒尚节能,False
sh.603138,海量数据,False
sh.603139,康惠股份,False
sh.603150,万朗磁塑,False
sh.603151,邦基科技,False
sh.603153,上海建科,False
sh.603155,新亚强,False
sh.603156,养元饮品,False
sh.603157,退市拉夏,True
sh.603158,腾龙股份,False
sh.603159,上海亚虹,False
sh.603160,汇顶科技,False
sh.603161,科华控股,False
sh.603162,海通发展,False
sh.603163,圣晖集成,False
sh.603165,荣晟环保,False
sh.603166,福达股份,False
sh.603167,渤海轮渡,False
sh.603168,莎普爱思,False
sh.603169,兰石重装,False
sh.603170,宝立食品,False
sh.603171,税友股份,False
sh.603172,万丰股份,False
sh.603173,福斯达,False
sh.603175,超颖电子,False
sh.603176,汇通集团,False
sh.603177,德创环保,False
sh.603178,圣龙股份,False
sh.603179,新泉股份,False
sh.603180,金牌家居,False
sh.603181,皇马科技,False
sh.603182,嘉华股份,False
sh.603183,建研院,False
sh.603185,弘元绿能,False
sh.603186,华正新材,False
sh.603187,海容冷链,False
sh.603188,亚邦股份,False
sh.603189,网达软件,False
sh.603190,亚通精工,False
sh.603191,望变电气,False
sh.603192,汇得科技,False
sh.603193,润本股份,False
sh.603194,中力股份,False
sh.603195,公牛集团,False
sh.603196,璞源材料,False
sh.603197,保隆科技,False
sh.603198,迎驾贡酒,False
sh.603199,九华旅游,False
sh.603200,上海洗霸,False
sh.603201,常润股份,False
sh.603202,天有为,False
sh.603203,快克智能,False
sh.603205,健尔康,False
sh.603206,嘉环科技,False
sh.603207,小方制药,False
sh.603208,江山欧派,False
sh.603209,兴通股份,False
sh.603210,泰鸿万立,False
sh.603211,晋拓股份,False
sh.603212,赛伍技术,False
sh.603213,镇洋发展,False
sh.603214,爱婴室,False
sh.603215,比依股份,False
sh.603216,梦天家居,False
sh.603217,元利科技,False
sh.603218,日月股份,False
sh.603219,富佳股份,False
sh.603220,中贝通信,False
sh.603221,爱丽家居,False
sh.603222,济民健康,False
sh.603223,恒通股份,False
sh.603225,新凤鸣,False
sh.603226,菲林格尔,False
sh.603227,雪峰科技,False
sh.603228,景旺电子,False
sh.603229,奥翔药业,False
sh.603230,内蒙新华,False
sh.603231,索宝蛋白,False
sh.603232,格尔软件,False
sh.603233,大参林,False
sh.603235,天新药业,False
sh.603236,移远通信,False
sh.603237,五芳斋,False
sh.603238,诺邦股份,False
sh.603239,浙江仙通,False
sh.603248,锡华科技,False
sh.603255,鼎际得,False
sh.603256,宏和科技,False
sh.603257,中国瑞林,False
sh.603258,电魂网络,False
sh.603259,药明康德,False
sh.603260,合盛硅业,False
sh.603261,*ST立航,False
sh.603262,技源集团,False
sh.603266,天龙股份,False
sh.603267,鸿远电子,False
sh.603268,*ST松发,False
sh.603269,海鸥股份,False
sh.603270,金帝股份,False
sh.603271,永杰新材,False
sh.603272,联翔股份,False
sh.603273,天元智能,False
sh.603275,众辰科技,False
sh.603276,恒兴新材,False
sh.603277,银都股份,False
sh.603278,大业股份,False
sh.603279,景津装备,False
sh.603280,南方路机,False
sh.603281,江瀚新材,False
sh.603282,亚光股份,False
sh.603283,赛腾股份,False
sh.603284,林平发展,False
sh.603285,键邦股份,False
sh.603286,日盈电子,False
sh.603288,海天味业,False
sh.603289,泰瑞机器,False
sh.603290,斯达半导,False
sh.603291,联合水务,False
sh.603296,华勤技术,False
sh.603297,永新光学,False
sh.603298,杭叉集团,False
sh.603299,苏盐井神,False
sh.603300,海南华铁,False
sh.603301,振德医疗,False
sh.603303,得邦照明,False
sh.603305,旭升集团,False
sh.603306,华懋科技,False
sh.603307,扬州金泉,False
sh.603308,应流股份,False
sh.603309,维力医疗,False
sh.603310,巍华新材,False
sh.603311,金海高科,False
sh.603312,西典新能,False
sh.603313,梦百合,False
sh.603315,福鞍股份,False
sh.603316,诚邦股份,False
sh.603317,天味食品,False
sh.603318,水发燃气,False
sh.603319,美湖股份,False
sh.603320,迪贝电气,False
sh.603321,梅轮电梯,False
sh.603322,超讯通信,False
sh.603323,苏农银行,False
sh.603324,盛剑科技,False
sh.603325,博隆技术,False
sh.603326,我乐家居,False
sh.603327,福蓉科技,False
sh.603328,依顿电子,False
sh.603329,上海雅仕,False
sh.603330,天洋新材,False
sh.603331,百达精工,False
sh.603332,苏州龙杰,False
sh.603333,尚纬股份,False
sh.603334,丰倍生物,False
sh.603335,迪生力,False
sh.603336,宏辉果蔬,False
sh.603337,杰克科技,False
sh.603338,浙江鼎力,False
sh.603339,四方科技,False
sh.603341,龙旗科技,False
sh.603344,星德胜,False
sh.603345,安井食品,False
sh.603348,文灿股份,False
sh.603350,安乃达,False
sh.603351,威尔药业,False
sh.603352,至信股份,False
sh.603353,和顺石油,False
sh.603355,莱克电气,False
sh.603356,华菱精工,False
sh.603357,设计总院,False
sh.603358,华达科技,False
sh.603359,东珠生态,False
sh.603360,百傲化学,False
sh.603363,傲农生物,False
sh.603365,水星家纺,False
sh.603366,日出东方,False
sh.603367,辰欣药业,False
sh.603368,柳药集团,False
sh.603369,今世缘,False
sh.603370,华新精科,False
sh.603373,安邦护卫,False
sh.603375,盛景微,False
sh.603376,大明电子,False
sh.603377,ST东时,False
sh.603378,亚士创能,False
sh.603379,三美股份,False
sh.603380,易德龙,False
sh.603381,永臻股份,False
sh.603382,海阳科技,False
sh.603383,顶点软件,False
sh.603385,惠达卫浴,False
sh.603386,骏亚科技,False
sh.603387,基蛋生物,False
sh.603388,*ST元成,True
sh.603389,*ST亚振,False
sh.603390,通达电气,False
sh.603391,力聚热能,False
sh.603392,万泰生物,False
sh.603393,新天然气,False
sh.603395,红四方,False
sh.603396,金辰股份,False
sh.603398,*ST沐邦,False
sh.603399,永杉锂业,False
sh.603400,华之杰,False
sh.603402,陕西旅游,False
sh.603406,天富龙,False
sh.603408,建霖家居,False
sh.603409,汇通控股,False
sh.603416,信捷电气,False
sh.603418,友升股份,False
sh.603421,鼎信通讯,False
sh.603429,*ST集友,False
sh.603439,三力制药,False
sh.603444,吉比特,False
sh.603456,九洲药业,False
sh.603458,勘设股份,False
sh.603459,红板科技,False
sh.603466,风语筑,False
sh.603477,巨星农牧,False
sh.603486,科沃斯,False
sh.603488,展鹏科技,False
sh.603489,八方股份,False
sh.603496,恒为科技,False
sh.603499,翔港科技,False
sh.603500,祥和实业,False
sh.603501,豪威集团,False
sh.603505,金石资源,False
sh.603506,南都物业,False
sh.603507,振江股份,False
sh.603508,思维列控,False
sh.603511,爱慕股份,False
sh.603515,欧普照明,False
sh.603516,淳中科技,False
sh.603517,ST绝味,False
sh.603518,锦泓集团,False
sh.603519,立霸股份,False
sh.603520,司太立,False
sh.603527,众源新材,False
sh.603528,多伦科技,False
sh.603529,爱玛科技,False
sh.603530,神马电力,False
sh.603533,掌阅科技,False
sh.603535,嘉诚国际,False
sh.603536,惠发食品,False
sh.603538,美诺华,False
sh.603551,奥普科技,False
sh.603555,ST贵人,True
sh.603556,海兴电力,False
sh.603557,ST起步,False
sh.603558,健盛集团,False
sh.603559,ST通脉,False
sh.603565,中谷物流,False
sh.603566,普莱柯,False
sh.603567,珍宝岛,False
sh.603568,伟明环保,False
sh.603569,长久物流,False
sh.603577,汇金通,False
sh.603578,三星新材,False
sh.603579,荣泰健康,False
sh.603580,*ST艾艾,False
sh.603583,捷昌驱动,False
sh.603585,苏利股份,False
sh.603586,金麒麟,False
sh.603587,地素时尚,False
sh.603588,高能环境,False
sh.603589,口子窖,False
sh.603590,康辰药业,False
sh.603595,ST东尼,False
sh.603596,伯特利,False
sh.603598,引力传媒,False
sh.603599,广信股份,False
sh.603600,永艺股份,False
sh.603601,再升科技,False
sh.603602,纵横通信,False
sh.603603,退市博天,True
sh.603605,珀莱雅,False
sh.603606,东方电缆,False
sh.603607,京华激光,False
sh.603608,天创时尚,False
sh.603609,禾丰股份,False
sh.603610,麒盛科技,False
sh.603611,诺力股份,False
sh.603612,索通发展,False
sh.603613,国联股份,False
sh.603615,茶花股份,False
sh.603616,韩建河山,False
sh.603617,君禾股份,False
sh.603618,杭电股份,False
sh.603619,中曼石油,False
sh.603626,科森科技,False
sh.603628,清源股份,False
sh.603629,利通电子,False
sh.603630,拉芳家化,False
sh.603633,徕木股份,False
sh.603636,南威软件,False
sh.603637,镇海股份,False
sh.603638,艾迪精密,False
sh.603639,海利尔,False
sh.603648,畅联股份,False
sh.603650,彤程新材,False
sh.603655,朗博科技,False
sh.603656,泰禾智能,False
sh.603657,春光科技,False
sh.603658,安图生物,False
sh.603659,璞泰来,False
sh.603660,苏州科达,False
sh.603661,恒林股份,False
sh.603662,柯力传感,False
sh.603663,三祥新材,False
sh.603665,康隆达,False
sh.603666,亿嘉和,False
sh.603667,五洲新春,False
sh.603668,天马科技,False
sh.603669,灵康药业,False
sh.603676,卫信康,False
sh.603677,奇精机械,False
sh.603678,火炬电子,False
sh.603679,华体科技,False
sh.603680,今创集团,False
sh.603681,永冠新材,False
sh.603682,锦和商管,False
sh.603683,晶华新材,False
sh.603685,晨丰科技,False
sh.603686,福龙马,False
sh.603687,大胜达,False
sh.603688,石英股份,False
sh.603689,皖天然气,False
sh.603690,至纯科技,False
sh.603693,江苏新能,False
sh.603696,安记食品,False
sh.603697,有友食品,False
sh.603698,航天工程,False
sh.603699,纽威股份,False
sh.603700,宁水集团,False
sh.603701,德宏股份,False
sh.603703,盛洋科技,False
sh.603706,东方环宇,False
sh.603707,健友股份,False
sh.603708,家家悦,False
sh.603709,中源家居,False
sh.603711,香飘飘,False
sh.603712,七一二,False
sh.603713,密尔克卫,False
sh.603716,塞力医疗,False
sh.603717,天域生物,False
sh.603718,海利生物,False
sh.603719,良品铺子,False
sh.603721,*ST天择,False
sh.603722,阿科力,False
sh.603725,天安新材,False
sh.603726,朗迪集团,False
sh.603727,博迈科,False
sh.603728,鸣志电器,False
sh.603729,龙韵股份,False
sh.603730,岱美股份,False
sh.603733,仙鹤股份,False
sh.603737,三棵树,False
sh.603738,泰晶科技,False
sh.603739,蔚蓝生物,False
sh.603755,日辰股份,False
sh.603757,大元泵业,False
sh.603758,秦安股份,False
sh.603759,海天股份,False
sh.603766,隆鑫通用,False
sh.603767,中马传动,False
sh.603768,常青股份,False
sh.603773,沃格光电,False
sh.603776,永安行,False
sh.603777,来伊份,False
sh.603778,国晟科技,False
sh.603779,威龙股份,False
sh.603786,科博达,False
sh.603787,新日股份,False
sh.603788,宁波高发,False
sh.603789,*ST星农,False
sh.603790,雅运股份,False
sh.603797,联泰环保,False
sh.603798,康普顿,False
sh.603799,华友钴业,False
sh.603800,洪田股份,False
sh.603801,志邦家居,False
sh.603803,瑞斯康达,False
sh.603806,福斯特,False
sh.603808,歌力思,False
sh.603809,豪能股份,False
sh.603810,丰山集团,False
sh.603811,诚意药业,False
sh.603813,*ST原尚,False
sh.603815,交建股份,False
sh.603816,顾家家居,False
sh.603817,海峡环保,False
sh.603818,曲美家居,False
sh.603819,神力股份,False
sh.603822,ST嘉澳,False
sh.603823,百合花,False
sh.603825,ST华扬,False
sh.603826,坤彩科技,False
sh.603828,ST柯利达,False
sh.603829,洛凯股份,False
sh.603833,欧派家居,False
sh.603836,海程邦达,False
sh.603838,*ST四通,False
sh.603839,安正时尚,False
sh.603843,*ST正平,False
sh.603848,好太太,False
sh.603855,华荣股份,False
sh.603856,东宏股份,False
sh.603858,步长制药,False
sh.603859,能科科技,False
sh.603860,中公高科,False
sh.603861,白云电器,False
sh.603863,松炀资源,False
sh.603866,桃李面包,False
sh.603867,新化股份,False
sh.603868,飞科电器,False
sh.603869,ST智知,False
sh.603871,嘉友国际,False
sh.603876,鼎胜新材,False
sh.603877,太平鸟,False
sh.603878,武进不锈,False
sh.603879,永悦科技,False
sh.603880,南卫股份,False
sh.603881,数据港,False
sh.603882,金域医学,False
sh.603883,老百姓,False
sh.603885,吉祥航空,False
sh.603886,元祖股份,False
sh.603887,城地香江,False
sh.603888,新华网,False
sh.603889,新澳股份,False
sh.603890,春秋电子,False
sh.603893,瑞芯微,False
sh.603895,天永智能,False
sh.603896,寿仙谷,False
sh.603897,长城科技,False
sh.603898,好莱客,False
sh.603899,晨光股份,False
sh.603900,莱绅通灵,False
sh.603901,永创智能,False
sh.603903,中持股份,False
sh.603906,龙蟠科技,False
sh.603908,牧高笛,False
sh.603909,建发合诚,False
sh.603912,佳力图,False
sh.603915,国茂股份,False
sh.603916,苏博特,False
sh.603917,合力科技,False
sh.603918,金桥信息,False
sh.603919,金徽酒,False
sh.603920,世运电路,False
sh.603922,金鸿顺,False
sh.603926,铁流股份,False
sh.603927,中科软,False
sh.603928,兴业股份,False
sh.603929,亚翔集成,False
sh.603931,格林达,False
sh.603933,睿能科技,False
sh.603936,博敏电子,False
sh.603937,丽岛新材,False
sh.603938,三孚股份,False
sh.603939,益丰药房,False
sh.603948,建业股份,False
sh.603949,雪龙集团,False
sh.603950,长源东谷,False
sh.603955,大千生态,False
sh.603956,威派格,False
sh.603958,哈森股份,False
sh.603959,百利科技,False
sh.603960,克来机电,False
sh.603963,*ST大药,True
sh.603966,法兰泰克,False
sh.603967,中创物流,False
sh.603968,醋化股份,False
sh.603969,银龙股份,False
sh.603970,中农立华,False
sh.603976,正川股份,False
sh.603977,国泰集团,False
sh.603978,深圳新星,False
sh.603979,金诚信,False
sh.603980,吉华集团,False
sh.603982,泉峰汽车,False
sh.603983,丸美生物,False
sh.603985,恒润股份,False
sh.603986,兆易创新,False
sh.603987,康德莱,False
sh.603988,中电电机,False
sh.603989,艾华集团,False
sh.603990,麦迪科技,False
sh.603991,至正股份,False
sh.603992,松霖科技,False
sh.603993,洛阳钼业,False
sh.603995,甬金股份,False
sh.603996,退市中新,True
sh.603997,继峰股份,False
sh.603998,方盛制药,False
sh.603999,读者传媒,False
sh.605001,威奥股份,False
sh.605003,众望布艺,False
sh.605005,合兴股份,False
sh.605006,山东玻纤,False
sh.605007,五洲特纸,False
sh.605008,长鸿高科,False
sh.605009,豪悦护理,False
sh.605011,杭州热电,False
sh.605016,百龙创园,False
sh.605018,长华集团,False
sh.605020,永和股份,False
sh.605028,世茂能源,False
sh.605033,美邦股份,False
sh.605050,福然德,False
sh.605055,迎丰股份,False
sh.605056,咸亨国际,False
sh.605058,澳弘电子,False
sh.605060,联德股份,False
sh.605066,天正电气,False
sh.605068,明新旭腾,False
sh.605069,正和生态,False
sh.605077,华康股份,False
sh.605080,浙江自然,False
sh.605081,*ST太和,False
sh.605086,龙高股份,False
sh.605088,冠盛股份,False
sh.605089,味知香,False
sh.605090,九丰能源,False
sh.605098,行动教育,False
sh.605099,共创草坪,False
sh.605100,华丰股份,False
sh.605108,同庆楼,False
sh.605111,新洁能,False
sh.605116,奥锐特,False
sh.605117,德业股份,False
sh.605118,力鼎光电,False
sh.605122,四方新材,False
sh.605123,派克新材,False
sh.605128,上海沿浦,False
sh.605133,嵘泰股份,False
sh.605136,丽人丽妆,False
sh.605138,盛泰集团,False
sh.605151,西上海,False
sh.605155,西大门,False
sh.605158,华达新材,False
sh.605162,新中港,False
sh.605166,聚合顺,False
sh.605167,利柏特,False
sh.605168,三人行,False
sh.605169,洪通燃气,False
sh.605177,东亚药业,False
sh.605178,时空科技,False
sh.605179,一鸣食品,False
sh.605180,华生科技,False
sh.605183,确成股份,False
sh.605186,健麾信息,False
sh.605188,国光连锁,False
sh.605189,富春染织,False
sh.605196,华通线缆,False
sh.605198,安德利,False
sh.605199,ST葫芦娃,False
sh.605208,永茂泰,False
sh.605218,伟时电子,False
sh.605222,起帆电缆,False
sh.605228,神通科技,False
sh.605255,天普股份,False
sh.605258,协和电子,False
sh.605259,绿田机械,False
sh.605266,健之佳,False
sh.605268,王力安防,False
sh.605277,新亚电子,False
sh.605286,同力天启,False
sh.605287,德才股份,False
sh.605288,凯迪股份,False
sh.605289,罗曼股份,False
sh.605296,神农集团,False
sh.605298,必得科技,False
sh.605299,舒华体育,False
sh.605300,佳禾食品,False
sh.605303,园林股份,False
sh.605305,中际联合,False
sh.605318,法狮龙,False
sh.605319,无锡振华,False
sh.605333,沪光股份,False
sh.605336,帅丰电器,False
sh.605337,李子园,False
sh.605338,巴比食品,False
sh.605339,南侨食品,False
sh.605358,立昂微,False
sh.605365,立达信,False
sh.605366,宏柏新材,False
sh.605368,蓝天燃气,False
sh.605369,拱东医疗,False
sh.605376,博迁新材,False
sh.605377,华旺科技,False
sh.605378,野马电池,False
sh.605388,均瑶健康,False
sh.605389,长龄液压,False
sh.605398,新炬网络,False
sh.605399,晨光新材,False
sh.605488,福莱新材,False
sh.605499,东鹏饮料,False
sh.605500,森林包装,False
sh.605507,国邦医药,False
sh.605555,德昌股份,False
sh.605566,福莱蒽特,False
sh.605567,春雪食品,False
sh.605577,龙版传媒,False
sh.605580,恒盛能源,False
sh.605588,冠石科技,False
sh.605589,圣泉集团,False
sh.605598,上海港湾,False
sh.605599,菜百股份,False
sz.000001,平安银行,False
sz.000002,万科A,False
sz.000003,PT金田A,True
sz.000004,*ST国华,False
sz.000005,ST星源,True
sz.000006,深振业A,False
sz.000007,全新好,False
sz.000008,神州高铁,False
sz.000009,中国宝安,False
sz.000010,美丽生态,False
sz.000011,深物业A,False
sz.000012,南玻A,False
sz.000013,*ST石化A,True
sz.000014,沙河股份,False
sz.000015,PT中浩A,True
sz.000016,深康佳A,False
sz.000017,深中华A,False
sz.000018,神城A退,True
sz.000019,深粮控股,False
sz.000020,深华发A,False
sz.000021,深科技,False
sz.000022,深赤湾A,True
sz.000023,*ST深天,True
sz.000024,招商地产,True
sz.000025,特力A,False
sz.000026,飞亚达,False
sz.000027,深圳能源,False
sz.000028,国药一致,False
sz.000029,深深房A,False
sz.000030,富奥股份,False
sz.000031,大悦城,False
sz.000032,深桑达A,False
sz.000033,新都退,True
sz.000034,神州数码,False
sz.000035,中国天楹,False
sz.000036,华联控股,False
sz.000037,深南电A,False
sz.000038,大通退,True
sz.000039,中集集团,False
sz.000040,*ST旭蓝,True
sz.000042,中洲控股,False
sz.000043,中航善达,True
sz.000045,深纺织A,False
sz.000046,*ST泛海,True
sz.000047,ST中侨,True
sz.000048,京基智农,False
sz.000049,德赛电池,False
sz.000050,深天马A,False
sz.000055,方大集团,False
sz.000056,皇庭国际,False
sz.000058,深赛格,False
sz.000059,华锦股份,False
sz.000060,中金岭南,False
sz.000061,农产品,False
sz.000062,深圳华强,False
sz.000063,中兴通讯,False
sz.000065,北方国际,False
sz.000066,中国长城,False
sz.000068,华控赛格,False
sz.000069,华侨城A,False
sz.000070,特发信息,False
sz.000078,海王生物,False
sz.000088,盐田港,False
sz.000089,深圳机场,False
sz.000090,天健集团,False
sz.000096,广聚能源,False
sz.000099,中信海直,False
sz.000100,TCL科技,False
sz.000150,*ST宜康,True
sz.000151,中成股份,False
sz.000153,丰原药业,False
sz.000155,川能动力,False
sz.000156,华数传媒,False
sz.000157,中联重科,False
sz.000158,常山北明,False
sz.000159,国际实业,False
sz.000166,申万宏源,False
sz.000301,东方盛虹,False
sz.000333,美的集团,False
sz.000338,潍柴动力,False
sz.000400,许继电气,False
sz.000401,金隅冀东,False
sz.000402,金融街,False
sz.000403,派林生物,False
sz.000404,长虹华意,False
sz.000405,ST鑫光,True
sz.000406,石油大明,True
sz.000407,胜利股份,False
sz.000408,藏格矿业,False
sz.000409,云鼎科技,False
sz.000410,沈阳机床,False
sz.000411,英特集团,False
sz.000412,ST五环,True
sz.000413,ST旭电,True
sz.000415,渤海租赁,False
sz.000416,*ST民控,True
sz.000417,合百集团,False
sz.000418,小天鹅A,True
sz.000419,通程控股,False
sz.000420,吉林化纤,False
sz.000421,南京公用,False
sz.000422,湖北宜化,False
sz.000423,东阿阿胶,False
sz.000425,徐工机械,False
sz.000426,兴业银锡,False
sz.000428,华天酒店,False
sz.000429,粤高速A,False
sz.000430,ST张家界,False
sz.000488,ST晨鸣,False
sz.000498,山东路桥,False
sz.000501,武商集团,False
sz.000502,绿景退,True
sz.000503,国新健康,False
sz.000504,*ST生物,False
sz.000505,京粮控股,False
sz.000506,招金黄金,False
sz.000507,珠海港,False
sz.000508,琼民源A,True
sz.000509,华塑控股,False
sz.000510,新金路,False
sz.000511,烯碳退,True
sz.000513,丽珠集团,False
sz.000514,渝开发,False
sz.000515,攀渝钛业,True
sz.000516,国际医学,False
sz.000517,荣安地产,False
sz.000518,*ST四环,False
sz.000519,中兵红箭,False
sz.000520,凤凰航运,False
sz.000521,长虹美菱,False
sz.000522,白云山A,True
sz.000523,红棉股份,False
sz.000524,岭南控股,False
sz.000525,红太阳,False
sz.000526,学大教育,False
sz.000527,美的电器,True
sz.000528,柳工,False
sz.000529,广弘控股,False
sz.000530,冰山冷热,False
sz.000531,穗恒运A,False
sz.000532,华金资本,False
sz.000533,顺钠股份,False
sz.000534,万泽股份,False
sz.000535,*ST猴王,True
sz.000536,华映科技,False
sz.000537,绿发电力,False
sz.000538,云南白药,False
sz.000539,粤电力A,False
sz.000540,*ST中天,True
sz.000541,佛山照明,False
sz.000542,TCL通讯,True
sz.000543,皖能电力,False
sz.000544,中原环保,False
sz.000545,金浦钛业,False
sz.000546,金圆股份,False
sz.000547,航天发展,False
sz.000548,湖南投资,False
sz.000549,S湘火炬,True
sz.000550,江铃汽车,False
sz.000551,创元科技,False
sz.000552,甘肃能化,False
sz.000553,安道麦A,False
sz.000554,泰山石油,False
sz.000555,神州信息,False
sz.000556,PT南洋,True
sz.000557,西部创业,False
sz.000558,天府文旅,False
sz.000559,万向钱潮,False
sz.000560,我爱我家,False
sz.000561,烽火电子,False
sz.000562,宏源证券,True
sz.000563,陕国投A,False
sz.000564,供销大集,False
sz.000565,渝三峡A,False
sz.000566,海南海药,False
sz.000567,海德股份,False
sz.000568,泸州老窖,False
sz.000569,长城股份,True
sz.000570,苏常柴A,False
sz.000571,新大洲A,False
sz.000572,海马汽车,False
sz.000573,粤宏远A,False
sz.000576,甘化科工,False
sz.000578,盐湖集团,True
sz.000581,威孚高科,False
sz.000582,北部湾港,False
sz.000583,S*ST托普,True
sz.000584,工智退,True
sz.000585,东电退,True
sz.000586,汇源通信,False
sz.000587,*ST金洲,True
sz.000588,PT粤金曼,True
sz.000589,贵州轮胎,False
sz.000590,古汉医药,False
sz.000591,太阳能,False
sz.000592,平潭发展,False
sz.000593,德龙汇能,False
sz.000594,国恒退,True
sz.000595,*ST宝实,False
sz.000596,古井贡酒,False
sz.000597,东北制药,False
sz.000598,兴蓉环境,False
sz.000599,青岛双星,False
sz.000600,建投能源,False
sz.000601,韶能股份,False
sz.000602,金马集团,True
sz.000603,盛达资源,False
sz.000605,渤海股份,False
sz.000606,顺利退,True
sz.000607,华媒控股,False
sz.000608,*ST阳光,False
sz.000609,ST中迪,False
sz.000610,西安旅游,False
sz.000611,天首退,True
sz.000612,焦作万方,False
sz.000613,东海A退,True
sz.000615,*ST美谷,False
sz.000616,*ST海投,True
sz.000617,中油资本,False
sz.000618,吉林化工,True
sz.000619,海螺新材,False
sz.000620,盈新发展,False
sz.000621,*ST比特,True
sz.000622,恒立退,True
sz.000623,吉林敖东,False
sz.000625,长安汽车,False
sz.000626,远大控股,False
sz.000627,*ST天茂,True
sz.000628,高新发展,False
sz.000629,钒钛股份,False
sz.000630,铜陵有色,False
sz.000631,顺发恒能,False
sz.000632,三木集团,False
sz.000633,合金投资,False
sz.000635,英力特,False
sz.000636,风华高科,False
sz.000637,茂化实华,False
sz.000638,*ST万方,False
sz.000639,西王食品,False
sz.000650,仁和药业,False
sz.000651,格力电器,False
sz.000652,泰达股份,False
sz.000653,ST九州,True
sz.000655,金岭矿业,False
sz.000656,*ST金科,False
sz.000657,中钨高新,False
sz.000658,ST海洋,True
sz.000659,珠海中富,False
sz.000660,*ST南华,True
sz.000661,长春高新,False
sz.000662,天夏退,True
sz.000663,永安林业,False
sz.000665,湖北广电,False
sz.000666,经纬纺机,True
sz.000667,ST美置,True
sz.000668,*ST荣控,False
sz.000669,ST金鸿,False
sz.000670,盈方微,False
sz.000671,ST阳光城,True
sz.000672,上峰水泥,False
sz.000673,当代退,True
sz.000675,ST银山,True
sz.000676,智度股份,False
sz.000677,恒天海龙,False
sz.000678,襄阳轴承,False
sz.000679,大连友谊,False
sz.000680,山推股份,False
sz.000681,视觉中国,False
sz.000682,东方电子,False
sz.000683,博源化工,False
sz.000685,中山公用,False
sz.000686,东北证券,False
sz.000687,华讯退,True
sz.000688,国城矿业,False
sz.000689,ST宏业,True
sz.000690,宝新能源,False
sz.000691,*ST亚太,False
sz.000692,惠天热电,False
sz.000693,华泽退,True
sz.000695,滨海能源,False
sz.000697,ST炼石,False
sz.000698,ST沈化,False
sz.000699,S*ST佳纸,True
sz.000700,模塑科技,False
sz.000701,厦门信达,False
sz.000702,正虹科技,False
sz.000703,恒逸石化,False
sz.000705,浙江震元,False
sz.000707,双环科技,False
sz.000708,中信特钢,False
sz.000709,河钢股份,False
sz.000710,贝瑞基因,False
sz.000711,ST京蓝,False
sz.000712,锦龙股份,False
sz.000713,国投丰乐,False
sz.000715,中兴商业,False
sz.000716,黑芝麻,False
sz.000717,中南股份,False
sz.000718,苏宁环球,False
sz.000719,中原传媒,False
sz.000720,新能泰山,False
sz.000721,西安饮食,False
sz.000722,湖南发展,False
sz.000723,美锦能源,False
sz.000725,京东方A,False
sz.000726,鲁泰A,False
sz.000727,冠捷科技,False
sz.000728,国元证券,False
sz.000729,燕京啤酒,False
sz.000730,*ST环保,True
sz.000731,四川美丰,False
sz.000732,ST泰禾,True
sz.000733,振华科技,False
sz.000735,罗牛山,False
sz.000736,*ST中地,False
sz.000737,北方铜业,False
sz.000738,航发控制,False
sz.000739,普洛药业,False
sz.000748,长城信息,True
sz.000750,国海证券,False
sz.000751,锌业股份,False
sz.000752,ST西发,False
sz.000753,漳州发展,False
sz.000755,山西高速,False
sz.000756,新华制药,False
sz.000757,浩物股份,False
sz.000758,中色股份,False
sz.000759,中百集团,False
sz.000760,斯太退,True
sz.000761,本钢板材,False
sz.000762,西藏矿业,False
sz.000763,锦州石化,True
sz.000765,*ST华信,True
sz.000766,通化金马,False
sz.000767,晋控电力,False
sz.000768,中航西飞,False
sz.000769,*ST大菲,True
sz.000776,广发证券,False
sz.000777,中核科技,False
sz.000778,新兴铸管,False
sz.000779,甘咨询,False
sz.000780,ST平能,True
sz.000782,恒申新材,False
sz.000783,长江证券,False
sz.000785,居然智家,False
sz.000786,北新建材,False
sz.000787,*ST创智,True
sz.000788,北大医药,False
sz.000789,万年青,False
sz.000790,华神科技,False
sz.000791,甘肃能源,False
sz.000792,盐湖股份,False
sz.000793,*ST华闻,False
sz.000795,英洛华,False
sz.000796,凯撒旅业,False
sz.000797,中国武夷,False
sz.000798,中水渔业,False
sz.000799,酒鬼酒,False
sz.000800,一汽解放,False
sz.000801,四川九洲,False
sz.000802,北京文化,False
sz.000803,山高环能,False
sz.000805,*ST炎黄,True
sz.000806,银河退,True
sz.000807,云铝股份,False
sz.000809,和展能源,False
sz.000810,创维数字,False
sz.000811,冰轮环境,False
sz.000812,陕西金叶,False
sz.000813,德展健康,False
sz.000815,美利云,False
sz.000816,智慧农业,False
sz.000817,辽河油田,True
sz.000818,航锦科技,False
sz.000819,岳阳兴长,False
sz.000820,*ST节能,False
sz.000821,ST京机,False
sz.000822,山东海化,False
sz.000823,超声电子,False
sz.000825,太钢不锈,False
sz.000826,启迪环境,False
sz.000827,*ST长兴,True
sz.000828,东莞控股,False
sz.000829,天音控股,False
sz.000830,鲁西化工,False
sz.000831,中国稀土,False
sz.000832,*ST龙涤,True
sz.000833,粤桂股份,False
sz.000835,长动退,True
sz.000836,ST富通,True
sz.000837,秦川机床,False
sz.000838,财信发展,False
sz.000839,国安股份,False
sz.000848,承德露露,False
sz.000850,华茂股份,False
sz.000851,*ST高鸿,True
sz.000852,石化机械,False
sz.000856,冀东装备,False
sz.000858,五粮液,False
sz.000859,国风新材,False
sz.000860,顺鑫农业,False
sz.000861,海印股份,True
sz.000862,银星能源,False
sz.000863,三湘印象,False
sz.000866,扬子石化,True
sz.000868,安凯客车,False
sz.000869,张裕A,False
sz.000875,电投绿能,False
sz.000876,新希望,False
sz.000877,天山股份,False
sz.000878,云南铜业,False
sz.000880,潍柴重机,False
sz.000881,中广核技,False
sz.000882,华联股份,False
sz.000883,湖北能源,False
sz.000885,城发环境,False
sz.000886,海南高速,False
sz.000887,中鼎股份,False
sz.000888,峨眉山A,False
sz.000889,中嘉博创,False
sz.000890,法尔胜,False
sz.000892,欢瑞世纪,False
sz.000893,亚钾国际,False
sz.000895,双汇发展,False
sz.000897,津滨发展,False
sz.000898,鞍钢股份,False
sz.000899,赣能股份,False
sz.000900,现代投资,False
sz.000901,航天科技,False
sz.000902,新洋丰,False
sz.000903,ST云动,False
sz.000905,厦门港务,False
sz.000906,浙商中拓,False
sz.000908,ST景峰,False
sz.000909,*ST数源,False
sz.000910,大亚圣象,False
sz.000911,广农糖业,False
sz.000912,泸天化,False
sz.000913,钱江摩托,False
sz.000915,华特达因,False
sz.000916,华北高速,True
sz.000917,电广传媒,False
sz.000918,*ST嘉凯,True
sz.000919,金陵药业,False
sz.000920,沃顿科技,False
sz.000921,海信家电,False
sz.000922,佳电股份,False
sz.000923,河钢资源,False
sz.000925,众合科技,False
sz.000926,福星股份,False
sz.000927,中国铁物,False
sz.000928,中钢国际,False
sz.000929,*ST兰黄,False
sz.000930,中粮科技,False
sz.000931,中关村,False
sz.000932,华菱钢铁,False
sz.000933,神火股份,False
sz.000935,四川双马,False
sz.000936,华西股份,False
sz.000937,冀中能源,False
sz.000938,紫光股份,False
sz.000939,凯迪退,True
sz.000948,南天信息,False
sz.000949,新乡化纤,False
sz.000950,重药控股,False
sz.000951,中国重汽,False
sz.000952,广济药业,False
sz.000953,河化股份,False
sz.000955,欣龙控股,False
sz.000956,中原油气,True
sz.000957,中通客车,False
sz.000958,电投产融,False
sz.000959,首钢股份,False
sz.000960,锡业股份,False
sz.000961,ST中南,True
sz.000962,东方钽业,False
sz.000963,华东医药,False
sz.000965,天保基建,False
sz.000966,长源电力,False
sz.000967,盈峰环境,False
sz.000968,蓝焰控股,False
sz.000969,安泰科技,False
sz.000970,中科三环,False
sz.000971,*ST高升,True
sz.000972,*ST中基,False
sz.000973,佛塑科技,False
sz.000975,山金国际,False
sz.000976,*ST华铁,True
sz.000977,浪潮信息,False
sz.000978,桂林旅游,False
sz.000979,中弘退,True
sz.000980,众泰汽车,False
sz.000981,山子高科,False
sz.000982,中银绒业,True
sz.000983,山西焦煤,False
sz.000985,大庆华科,False
sz.000987,越秀资本,False
sz.000988,华工科技,False
sz.000989,九芝堂,False
sz.000990,诚志股份,False
sz.000993,闽东电力,False
sz.000995,皇台酒业,False
sz.000996,中期退,True
sz.000997,新大陆,False
sz.000998,隆平高科,False
sz.000999,华润三九,False
sz.001201,东瑞股份,False
sz.001202,炬申股份,False
sz.001203,大中矿业,False
sz.001205,盛航股份,False
sz.001206,依依股份,False
sz.001207,联科科技,False
sz.001208,华菱线缆,False
sz.001209,洪兴股份,False
sz.001210,金房能源,False
sz.001211,双枪科技,False
sz.001212,中旗新材,False
sz.001213,中铁特货,False
sz.001215,千味央厨,False
sz.001216,华瓷股份,False
sz.001217,华尔泰,False
sz.001218,丽臣实业,False
sz.001219,青岛食品,False
sz.001220,世盟股份,False
sz.001221,悍高集团,False
sz.001222,源飞宠物,False
sz.001223,欧克科技,False
sz.001225,和泰机电,False
sz.001226,拓山重工,False
sz.001227,兰州银行,False
sz.001228,永泰运,False
sz.001229,魅视科技,False
sz.001230,劲旅环境,False
sz.001231,农心科技,False
sz.001233,海安集团,False
sz.001234,泰慕士,False
sz.001236,弘业期货,False
sz.001238,浙江正特,False
sz.001239,永达股份,False
sz.001255,博菲电气,False
sz.001256,炜冈科技,False
sz.001257,盛龙股份,False
sz.001258,立新能源,False
sz.001259,利仁科技,False
sz.001260,坤泰股份,False
sz.001266,宏英智能,False
sz.001267,汇绿生态,False
sz.001268,联合精密,False
sz.001269,欧晶科技,False
sz.001270,*ST铖昌,False
sz.001277,速达股份,False
sz.001278,一彬科技,False
sz.001279,强邦新材,False
sz.001280,中国铀业,False
sz.001282,三联锻造,False
sz.001283,豪鹏科技,False
sz.001285,瑞立科密,False
sz.001286,陕西能源,False
sz.001287,中电港,False
sz.001288,运机集团,False
sz.001289,龙源电力,False
sz.001296,长江材料,False
sz.001298,好上好,False
sz.001299,美能能源,False
sz.001300,三柏硕,False
sz.001301,尚太科技,False
sz.001306,夏厦精密,False
sz.001308,康冠科技,False
sz.001309,德明利,False
sz.001311,多利科技,False
sz.001313,粤海饲料,False
sz.001314,亿道信息,False
sz.001316,润贝航科,False
sz.001317,三羊马,False
sz.001318,阳光乳业,False
sz.001319,铭科精技,False
sz.001322,箭牌家居,False
sz.001323,慕思股份,False
sz.001324,长青科技,False
sz.001325,元创股份,False
sz.001326,联域股份,False
sz.001328,登康口腔,False
sz.001330,博纳影业,False
sz.001331,胜通能源,False
sz.001332,锡装股份,False
sz.001333,光华股份,False
sz.001335,信凯科技,False
sz.001336,楚环科技,False
sz.001337,四川黄金,False
sz.001338,永顺泰,False
sz.001339,智微智能,False
sz.001356,富岭股份,False
sz.001358,兴欣新材,False
sz.001359,平安电工,False
sz.001360,南矿集团,False
sz.001366,播恩集团,False
sz.001367,海森药业,False
sz.001368,通达创智,False
sz.001369,双欣材料,False
sz.001373,翔腾新材,False
sz.001376,百通能源,False
sz.001378,德冠新材,False
sz.001379,腾达科技,False
sz.001380,华纬科技,False
sz.001382,新亚电缆,False
sz.001386,马可波罗,False
sz.001387,雪祺电气,False
sz.001388,信通电子,False
sz.001389,广合科技,False
sz.001390,古麒绒材,False
sz.001391,国货航,False
sz.001395,亚联机械,False
sz.001396,誉帆科技,False
sz.001400,江顺科技,False
sz.001696,宗申动力,False
sz.001872,招商港口,False
sz.001896,豫能控股,False
sz.001914,招商积余,False
sz.001965,招商公路,False
sz.001979,招商蛇口,False
sz.002001,新和成,False
sz.002002,ST鸿达,True
sz.002003,伟星股份,False
sz.002004,华邦健康,False
sz.002005,ST德豪,False
sz.002006,精工科技,False
sz.002007,华兰生物,False
sz.002008,大族激光,False
sz.002009,天奇股份,False
sz.002010,传化智联,False
sz.002011,盾安环境,False
sz.002012,凯恩股份,False
sz.002013,中航机电,True
sz.002014,永新股份,False
sz.002015,协鑫能科,False
sz.002016,世荣兆业,False
sz.002017,东信和平,False
sz.002018,华信退,True
sz.002019,亿帆医药,False
sz.002020,京新药业,False
sz.002021,中捷资源,False
sz.002022,科华生物,False
sz.002023,海特高新,False
sz.002024,ST易购,False
sz.002025,航天电器,False
sz.002026,山东威达,False
sz.002027,分众传媒,False
sz.002028,思源电气,False
sz.002029,七匹狼,False
sz.002030,达安基因,False
sz.002031,巨轮智能,False
sz.002032,苏泊尔,False
sz.002033,丽江股份,False
sz.002034,旺能环境,False
sz.002035,华帝股份,False
sz.002036,联创电子,False
sz.002037,保利联合,False
sz.002038,双鹭药业,False
sz.002039,黔源电力,False
sz.002040,南京港,False
sz.002041,登海种业,False
sz.002042,华孚时尚,False
sz.002043,兔宝宝,False
sz.002044,美年健康,False
sz.002045,国光电器,False
sz.002046,国机精工,False
sz.002047,*ST宝鹰,False
sz.002048,宁波华翔,False
sz.002049,紫光国微,False
sz.002050,三花智控,False
sz.002051,中工国际,False
sz.002052,同洲电子,False
sz.002053,云南能投,False
sz.002054,德美化工,False
sz.002055,ST得润,False
sz.002056,横店东磁,False
sz.002057,中钢天源,False
sz.002058,*ST威尔,False
sz.002059,云南旅游,False
sz.002060,广东建工,False
sz.002061,浙江交科,False
sz.002062,宏润建设,False
sz.002063,远光软件,False
sz.002064,华峰化学,False
sz.002065,东华软件,False
sz.002066,瑞泰科技,False
sz.002067,景兴纸业,False
sz.002068,黑猫股份,False
sz.002069,獐子岛,False
sz.002070,众和退,True
sz.002071,长城退,True
sz.002072,凯瑞德,False
sz.002073,软控股份,False
sz.002074,国轩高科,False
sz.002075,沙钢股份,False
sz.002076,*ST星光,False
sz.002077,大港股份,False
sz.002078,太阳纸业,False
sz.002079,苏州固锝,False
sz.002080,中材科技,False
sz.002081,金螳螂,False
sz.002082,万邦德,False
sz.002083,孚日股份,False
sz.002084,海鸥住工,False
sz.002085,万丰奥威,False
sz.002086,东方海洋,False
sz.002087,新纺退,True
sz.002088,鲁阳节能,False
sz.002089,新海退,True
sz.002090,金智科技,False
sz.002091,江苏国泰,False
sz.002092,中泰化学,False
sz.002093,国脉科技,False
sz.002094,青岛金王,False
sz.002095,生意宝,False
sz.002096,易普力,False
sz.002097,山河智能,False
sz.002098,浔兴股份,False
sz.002099,海翔药业,False
sz.002100,天康生物,False
sz.002101,广东鸿图,False
sz.002102,能特科技,False
sz.002103,广博股份,False
sz.002104,恒宝股份,False
sz.002105,信隆健康,False
sz.002106,莱宝高科,False
sz.002107,沃华医药,False
sz.002108,沧州明珠,False
sz.002109,兴化股份,False
sz.002110,三钢闽光,False
sz.002111,威海广泰,False
sz.002112,三变科技,False
sz.002113,*ST天润,True
sz.002114,罗平锌电,False
sz.002115,三维通信,False
sz.002116,中国海诚,False
sz.002117,东港股份,False
sz.002118,*ST紫鑫,True
sz.002119,康强电子,False
sz.002120,韵达股份,False
sz.002121,科陆电子,False
sz.002122,ST汇洲,False
sz.002123,梦网科技,False
sz.002124,天邦食品,False
sz.002125,湘潭电化,False
sz.002126,银轮股份,False
sz.002127,南极电商,False
sz.002128,电投能源,False
sz.002129,TCL中环,False
sz.002130,沃尔核材,False
sz.002131,利欧股份,False
sz.002132,恒星科技,False
sz.002133,广宇集团,False
sz.002134,天津普林,False
sz.002135,东南网架,False
sz.002136,安纳达,False
sz.002137,实益达,False
sz.002138,顺络电子,False
sz.002139,拓邦股份,False
sz.002140,东华科技,False
sz.002141,贤丰控股,False
sz.002142,宁波银行,False
sz.002143,印纪退,True
sz.002144,宏达高科,False
sz.002145,钛能化学,False
sz.002146,荣盛发展,False
sz.002147,新光退,True
sz.002148,北纬科技,False
sz.002149,西部材料,False
sz.002150,正泰电源,False
sz.002151,北斗星通,False
sz.002152,广电运通,False
sz.002153,石基信息,False
sz.002154,报喜鸟,False
sz.002155,湖南黄金,False
sz.002156,通富微电,False
sz.002157,正邦科技,False
sz.002158,汉钟精机,False
sz.002159,三特索道,False
sz.002160,常铝股份,False
sz.002161,远望谷,False
sz.002162,悦心健康,False
sz.002163,海南发展,False
sz.002164,宁波东力,False
sz.002165,红宝丽,False
sz.002166,莱茵生物,False
sz.002167,东方锆业,False
sz.002168,*ST惠程,False
sz.002169,智光电气,False
sz.002170,芭田股份,False
sz.002171,楚江新材,False
sz.002172,澳洋健康,False
sz.002173,创新医疗,False
sz.002174,游族网络,False
sz.002175,东方智造,False
sz.002176,江特电机,False
sz.002177,御银股份,False
sz.002178,延华智能,False
sz.002179,中航光电,False
sz.002180,纳思达,False
sz.002181,粤传媒,False
sz.002182,宝武镁业,False
sz.002183,怡亚通,False
sz.002184,海得控制,False
sz.002185,华天科技,False
sz.002186,全聚德,False
sz.002187,广百股份,False
sz.002188,中天服务,False
sz.002189,中光学,False
sz.002190,成飞集成,False
sz.002191,劲嘉股份,False
sz.002192,融捷股份,False
sz.002193,如意集团,False
sz.002194,武汉凡谷,False
sz.002195,岩山科技,False
sz.002196,方正电机,False
sz.002197,证通电子,False
sz.002198,嘉应制药,False
sz.002199,*ST东晶,False
sz.002200,*ST交投,False
sz.002201,九鼎新材,False
sz.002202,金风科技,False
sz.002203,海亮股份,False
sz.002204,大连重工,False
sz.002205,国统股份,False
sz.002206,海利得,False
sz.002207,准油股份,False
sz.002208,合肥城建,False
sz.002209,达意隆,False
sz.002210,飞马国际,False
sz.002211,ST宏达,False
sz.002212,天融信,False
sz.002213,大为股份,False
sz.002214,*ST大立,False
sz.002215,诺普信,False
sz.002216,三全食品,False
sz.002217,合力泰,False
sz.002218,拓日新能,False
sz.002219,新里程,False
sz.002220,天宝退,True
sz.002221,东华能源,False
sz.002222,福晶科技,False
sz.002223,鱼跃医疗,False
sz.002224,三力士,False
sz.002225,濮耐股份,False
sz.002226,江南化工,False
sz.002227,奥特迅,False
sz.002228,合兴包装,False
sz.002229,鸿博股份,False
sz.002230,科大讯飞,False
sz.002231,*ST奥维,True
sz.002232,启明信息,False
sz.002233,塔牌集团,False
sz.002234,民和股份,False
sz.002235,安妮股份,False
sz.002236,大华股份,False
sz.002237,恒邦股份,False
sz.002238,天威视讯,False
sz.002239,奥特佳,False
sz.002240,盛新锂能,False
sz.002241,歌尔股份,False
sz.002242,九阳股份,False
sz.002243,力合科创,False
sz.002244,滨江集团,False
sz.002245,蔚蓝锂芯,False
sz.002246,北化股份,False
sz.002247,聚力文化,False
sz.002248,华东数控,False
sz.002249,大洋电机,False
sz.002250,联化科技,False
sz.002251,步步高,False
sz.002252,上海莱士,False
sz.002253,*ST智胜,False
sz.002254,泰和新材,False
sz.002255,海陆重工,False
sz.002256,兆新股份,False
sz.002258,利尔化学,False
sz.002259,升达林业,False
sz.002260,德奥退,True
sz.002261,拓维信息,False
sz.002262,恩华药业,False
sz.002263,大东南,False
sz.002264,新华都,False
sz.002265,建设工业,False
sz.002266,浙富控股,False
sz.002267,陕天然气,False
sz.002268,电科网安,False
sz.002269,美邦服饰,False
sz.002270,华明装备,False
sz.002271,东方雨虹,False
sz.002272,川润股份,False
sz.002273,水晶光电,False
sz.002274,华昌化工,False
sz.002275,桂林三金,False
sz.002276,万马股份,False
sz.002277,友阿股份,False
sz.002278,神开股份,False
sz.002279,久其软件,False
sz.002280,ST联络,True
sz.002281,光迅科技,False
sz.002282,博深股份,False
sz.002283,天润工业,False
sz.002284,亚太股份,False
sz.002285,世联行,False
sz.002286,保龄宝,False
sz.002287,奇正藏药,False
sz.002288,*ST超华,True
sz.002289,*ST宇顺,False
sz.002290,禾盛新材,False
sz.002291,遥望科技,False
sz.002292,奥飞娱乐,False
sz.002293,罗莱生活,False
sz.002294,信立泰,False
sz.002295,精艺股份,False
sz.002296,辉煌科技,False
sz.002297,博云新材,False
sz.002298,中电鑫龙,False
sz.002299,圣农发展,False
sz.002300,太阳电缆,False
sz.002301,齐心集团,False
sz.002302,西部建设,False
sz.002303,美盈森,False
sz.002304,洋河股份,False
sz.002305,*ST南置,False
sz.002306,*ST云网,False
sz.002307,北新路桥,False
sz.002308,*ST威创,True
sz.002309,中利集团,False
sz.002310,东方新能,False
sz.002311,海大集团,False
sz.002312,川发龙蟒,False
sz.002313,日海智能,False
sz.002314,南山控股,False
sz.002315,焦点科技,False
sz.002316,亚联发展,False
sz.002317,众生药业,False
sz.002318,久立特材,False
sz.002319,乐通股份,False
sz.002320,海峡股份,False
sz.002321,华英农业,False
sz.002322,理工能科,False
sz.002323,雅博股份,False
sz.002324,普利特,False
sz.002325,*ST洪涛,True
sz.002326,永太科技,False
sz.002327,富安娜,False
sz.002328,新朋股份,False
sz.002329,皇氏集团,False
sz.002330,得利斯,False
sz.002331,皖通科技,False
sz.002332,仙琚制药,False
sz.002333,罗普斯金,False
sz.002334,英威腾,False
sz.002335,科华数据,False
sz.002336,人乐退,True
sz.002337,赛象科技,False
sz.002338,奥普光电,False
sz.002339,积成电子,False
sz.002340,格林美,False
sz.002341,ST新纶,True
sz.002342,巨力索具,False
sz.002343,慈文传媒,False
sz.002344,海宁皮城,False
sz.002345,潮宏基,False
sz.002346,柘中股份,False
sz.002347,泰尔股份,False
sz.002348,高乐股份,False
sz.002349,精华制药,False
sz.002350,北京科锐,False
sz.002351,漫步者,False
sz.002352,顺丰控股,False
sz.002353,杰瑞股份,False
sz.002354,天娱数科,False
sz.002355,兴民智通,False
sz.002356,赫美集团,False
sz.002357,富临运业,False
sz.002358,森源电气,False
sz.002359,北讯退,True
sz.002360,同德化工,False
sz.002361,神剑股份,False
sz.002362,汉王科技,False
sz.002363,隆基机械,False
sz.002364,中恒电气,False
sz.002365,永安药业,False
sz.002366,融发核电,False
sz.002367,康力电梯,False
sz.002368,太极股份,False
sz.002369,卓翼科技,False
sz.002370,亚太药业,False
sz.002371,北方华创,False
sz.002372,伟星新材,False
sz.002373,千方科技,False
sz.002374,中锐股份,False
sz.002375,亚厦股份,False
sz.002376,新北洋,False
sz.002377,国创高新,False
sz.002378,章源钨业,False
sz.002379,宏桥控股,False
sz.002380,科远智慧,False
sz.002381,双箭股份,False
sz.002382,蓝帆医疗,False
sz.002383,合众思壮,False
sz.002384,东山精密,False
sz.002385,大北农,False
sz.002386,天原股份,False
sz.002387,维信诺,False
sz.002388,新亚制程,False
sz.002389,航天彩虹,False
sz.002390,信邦制药,False
sz.002391,长青股份,False
sz.002392,北京利尔,False
sz.002393,力生制药,False
sz.002394,联发股份,False
sz.002395,双象股份,False
sz.002396,星网锐捷,False
sz.002397,梦洁股份,False
sz.002398,垒知集团,False
sz.002399,海普瑞,False
sz.002400,省广集团,False
sz.002401,中远海科,False
sz.002402,和而泰,False
sz.002403,爱仕达,False
sz.002404,嘉欣丝绸,False
sz.002405,四维图新,False
sz.002406,远东传动,False
sz.002407,多氟多,False
sz.002408,齐翔腾达,False
sz.002409,雅克科技,False
sz.002410,广联达,False
sz.002411,必康退,True
sz.002412,汉森制药,False
sz.002413,雷科防务,False
sz.002414,高德红外,False
sz.002415,海康威视,False
sz.002416,爱施德,False
sz.002417,深南退,True
sz.002418,康盛股份,False
sz.002419,天虹股份,False
sz.002420,毅昌科技,False
sz.002421,达实智能,False
sz.002422,科伦药业,False
sz.002423,中粮资本,False
sz.002424,ST百灵,False
sz.002425,凯撒文化,False
sz.002426,胜利精密,False
sz.002427,尤夫股份,False
sz.002428,云南锗业,False
sz.002429,兆驰股份,False
sz.002430,杭氧股份,False
sz.002431,棕榈股份,False
sz.002432,九安医疗,False
sz.002433,太安退,True
sz.002434,万里扬,False
sz.002435,ST长康,True
sz.002436,兴森科技,False
sz.002437,誉衡药业,False
sz.002438,江苏神通,False
sz.002439,启明星辰,False
sz.002440,闰土股份,False
sz.002441,众业达,False
sz.002442,龙星科技,False
sz.002443,金洲管道,False
sz.002444,巨星科技,False
sz.002445,中南文化,False
sz.002446,盛路通信,False
sz.002447,晨鑫退,True
sz.002448,中原内配,False
sz.002449,国星光电,False
sz.002450,康得退,True
sz.002451,摩恩电气,False
sz.002452,长高电新,False
sz.002453,华软科技,False
sz.002454,松芝股份,False
sz.002455,百川股份,False
sz.002456,欧菲光,False
sz.002457,青龙管业,False
sz.002458,益生股份,False
sz.002459,晶澳科技,False
sz.002460,赣锋锂业,False
sz.002461,珠江啤酒,False
sz.002462,嘉事堂,False
sz.002463,沪电股份,False
sz.002464,众应退,True
sz.002465,海格通信,False
sz.002466,天齐锂业,False
sz.002467,二六三,False
sz.002468,申通快递,False
sz.002469,三维化学,False
sz.002470,金正大,False
sz.002471,中超控股,False
sz.002472,双环传动,False
sz.002473,圣莱退,True
sz.002474,榕基软件,False
sz.002475,立讯精密,False
sz.002476,宝莫股份,False
sz.002477,雏鹰退,True
sz.002478,常宝股份,False
sz.002479,富春环保,False
sz.002480,新筑股份,False
sz.002481,双塔食品,False
sz.002482,广田集团,False
sz.002483,润邦股份,False
sz.002484,江海股份,False
sz.002485,ST雪发,False
sz.002486,嘉麟杰,False
sz.002487,大金重工,False
sz.002488,金固股份,False
sz.002489,浙江永强,False
sz.002490,山东墨龙,False
sz.002491,通鼎互联,False
sz.002492,恒基达鑫,False
sz.002493,荣盛石化,False
sz.002494,华斯股份,False
sz.002495,佳隆股份,False
sz.002496,*ST辉丰,False
sz.002497,雅化集团,False
sz.002498,汉缆股份,False
sz.002499,科林退,True
sz.002500,山西证券,False
sz.002501,利源股份,False
sz.002502,ST鼎龙,True
sz.002503,*ST搜特,True
sz.002504,*ST弘高,True
sz.002505,鹏都农牧,True
sz.002506,协鑫集成,False
sz.002507,涪陵榨菜,False
sz.002508,老板电器,False
sz.002509,天茂退,True
sz.002510,天汽模,False
sz.002511,中顺洁柔,False
sz.002512,ST达华,False
sz.002513,蓝丰生化,False
sz.002514,宝馨科技,False
sz.002515,金字火腿,False
sz.002516,旷达科技,False
sz.002517,恺英网络,False
sz.002518,科士达,False
sz.002519,银河电子,False
sz.002520,日发精机,False
sz.002521,齐峰新材,False
sz.002522,浙江众成,False
sz.002523,天桥起重,False
sz.002524,光正眼科,False
sz.002526,山东矿机,False
sz.002527,新时达,False
sz.002528,ST英飞拓,False
sz.002529,*ST海源,False
sz.002530,金财互联,False
sz.002531,天顺风能,False
sz.002532,天山铝业,False
sz.002533,金杯电工,False
sz.002534,西子洁能,False
sz.002535,林州重机,False
sz.002536,飞龙股份,False
sz.002537,海联金汇,False
sz.002538,ST司特,False
sz.002539,云图控股,False
sz.002540,亚太科技,False
sz.002541,鸿路钢构,False
sz.002542,中化岩土,False
sz.002543,万和电气,False
sz.002544,普天科技,False
sz.002545,东方铁塔,False
sz.002546,新联电子,False
sz.002547,春兴精工,False
sz.002548,金新农,False
sz.002549,凯美特气,False
sz.002550,千红制药,False
sz.002551,尚荣医疗,False
sz.002552,宝鼎科技,False
sz.002553,南方精工,False
sz.002554,惠博普,False
sz.002555,三七互娱,False
sz.002556,辉隆股份,False
sz.002557,洽洽食品,False
sz.002558,巨人网络,False
sz.002559,亚威股份,False
sz.002560,通达股份,False
sz.002561,徐家汇,False
sz.002562,兄弟科技,False
sz.002563,森马服饰,False
sz.002564,天沃科技,False
sz.002565,顺灏股份,False
sz.002566,益盛药业,False
sz.002567,唐人神,False
sz.002568,百润股份,False
sz.002569,*ST步森,False
sz.002570,贝因美,False
sz.002571,德力股份,False
sz.002572,索菲亚,False
sz.002573,清新环境,False
sz.002574,明牌珠宝,False
sz.002575,群兴玩具,False
sz.002576,通达动力,False
sz.002577,雷柏科技,False
sz.002578,闽发铝业,False
sz.002579,中京电子,False
sz.002580,圣阳股份,False
sz.002581,ST未名,False
sz.002582,好想你,False
sz.002583,海能达,False
sz.002584,西陇科学,False
sz.002585,双星新材,False
sz.002586,ST围海,False
sz.002587,奥拓电子,False
sz.002588,史丹利,False
sz.002589,瑞康医药,False
sz.002590,万安科技,False
sz.002591,恒大高新,False
sz.002592,ST八菱,False
sz.002593,日上集团,False
sz.002594,比亚迪,False
sz.002595,豪迈科技,False
sz.002596,海南瑞泽,False
sz.002597,金禾实业,False
sz.002598,ST章鼓,False
sz.002599,盛通股份,False
sz.002600,领益智造,False
sz.002601,龙佰集团,False
sz.002602,世纪华通,False
sz.002603,以岭药业,False
sz.002604,龙力退,True
sz.002605,姚记科技,False
sz.002606,大连电瓷,False
sz.002607,中公教育,False
sz.002608,江苏国信,False
sz.002609,捷顺科技,False
sz.002610,ST爱康,True
sz.002611,东方精工,False
sz.002612,朗姿股份,False
sz.002613,北玻股份,False
sz.002614,奥佳华,False
sz.002615,哈尔斯,False
sz.002616,长青集团,False
sz.002617,露笑科技,False
sz.002618,丹邦退,True
sz.002619,*ST艾格,True
sz.002620,ST瑞和,False
sz.002621,*ST美吉,True
sz.002622,皓宸医疗,False
sz.002623,亚玛顿,False
sz.002624,完美世界,False
sz.002625,光启技术,False
sz.002626,金达威,False
sz.002627,三峡旅游,False
sz.002628,成都路桥,False
sz.002629,仁智股份,False
sz.002630,ST华西,False
sz.002631,德尔未来,False
sz.002632,道明光学,False
sz.002633,申科股份,False
sz.002634,棒杰股份,False
sz.002635,安洁科技,False
sz.002636,金安国纪,False
sz.002637,赞宇科技,False
sz.002638,勤上股份,False
sz.002639,雪人集团,False
sz.002640,跨境通,False
sz.002641,公元股份,False
sz.002642,荣联科技,False
sz.002643,万润股份,False
sz.002644,佛慈制药,False
sz.002645,华宏科技,False
sz.002646,天佑德酒,False
sz.002647,*ST仁东,False
sz.002648,卫星化学,False
sz.002649,博彦科技,False
sz.002650,ST加加,False
sz.002651,利君股份,False
sz.002652,扬子新材,False
sz.002653,海思科,False
sz.002654,万润科技,False
sz.002655,共达电声,False
sz.002656,*ST摩登,False
sz.002657,中科金财,False
sz.002658,雪迪龙,False
sz.002659,凯文教育,False
sz.002660,茂硕电源,False
sz.002661,克明食品,False
sz.002662,峰璟股份,False
sz.002663,普邦股份,False
sz.002664,信质集团,False
sz.002665,ST航高,True
sz.002666,德联集团,False
sz.002667,威领股份,False
sz.002668,TCL智家,False
sz.002669,康达新材,False
sz.002670,国盛证券,False
sz.002671,龙泉股份,False
sz.002672,东江环保,False
sz.002673,西部证券,False
sz.002674,兴业科技,False
sz.002675,东诚药业,False
sz.002676,顺威股份,False
sz.002677,浙江美大,False
sz.002678,珠江钢琴,False
sz.002679,福建金森,False
sz.002680,长生退,True
sz.002681,奋达科技,False
sz.002682,龙洲股份,False
sz.002683,广东宏大,False
sz.002684,猛狮退,True
sz.002685,华东重机,False
sz.002686,亿利达,False
sz.002687,乔治白,False
sz.002688,金河生物,False
sz.002689,ST远智,False
sz.002690,美亚光电,False
sz.002691,冀凯股份,False
sz.002692,远程股份,False
sz.002693,*ST双成,False
sz.002694,顾地科技,False
sz.002695,煌上煌,False
sz.002696,百洋股份,False
sz.002697,红旗连锁,False
sz.002698,博实股份,False
sz.002699,*ST美盛,True
sz.002700,万憬能源,False
sz.002701,奥瑞金,False
sz.002702,海欣食品,False
sz.002703,浙江世宝,False
sz.002705,新宝股份,False
sz.002706,良信股份,False
sz.002707,众信旅游,False
sz.002708,光洋股份,False
sz.002709,天赐材料,False
sz.002711,欧浦退,True
sz.002712,思美传媒,False
sz.002713,*ST东易,False
sz.002714,牧原股份,False
sz.002715,登云股份,False
sz.002716,湖南白银,False
sz.002717,ST岭南,False
sz.002718,友邦吊顶,False
sz.002719,麦趣尔,False
sz.002721,金一文化,False
sz.002722,物产金轮,False
sz.002723,小崧股份,False
sz.002724,海洋王,False
sz.002725,跃岭股份,False
sz.002726,龙大美食,False
sz.002727,一心堂,False
sz.002728,特一药业,False
sz.002729,好利科技,False
sz.002730,电光科技,False
sz.002731,ST萃华,False
sz.002732,燕塘乳业,False
sz.002733,雄韬股份,False
sz.002734,利民股份,False
sz.002735,王子新材,False
sz.002736,国信证券,False
sz.002737,葵花药业,False
sz.002738,中矿资源,False
sz.002739,万达电影,False
sz.002740,*ST爱迪,True
sz.002741,光华科技,False
sz.002742,*ST三圣,False
sz.002743,富煌钢构,False
sz.002745,木林森,False
sz.002746,仙坛股份,False
sz.002747,埃斯顿,False
sz.002748,世龙实业,False
sz.002749,国光股份,False
sz.002750,龙津退,True
sz.002751,易尚退,True
sz.002752,昇兴股份,False
sz.002753,永东股份,False
sz.002755,奥赛康,False
sz.002756,永兴材料,False
sz.002757,南兴股份,False
sz.002758,浙农股份,False
sz.002759,天际股份,False
sz.002760,凤形股份,False
sz.002761,浙江建投,False
sz.002762,*ST金比,False
sz.002763,汇洁股份,False
sz.002765,蓝黛科技,False
sz.002766,索菱股份,False
sz.002767,先锋电子,False
sz.002768,国恩股份,False
sz.002769,普路通,False
sz.002770,科迪退,True
sz.002771,真视通,False
sz.002772,众兴菌业,False
sz.002773,康弘药业,False
sz.002774,快意电梯,False
sz.002775,文科股份,False
sz.002776,*ST柏龙,True
sz.002777,久远银海,False
sz.002778,中晟高科,False
sz.002779,中坚科技,False
sz.002780,三夫户外,False
sz.002781,奇信退,True
sz.002782,可立克,False
sz.002783,凯龙股份,False
sz.002785,万里石,False
sz.002786,银宝山新,False
sz.002787,华源控股,False
sz.002788,鹭燕医药,False
sz.002789,*ST建艺,False
sz.002790,瑞尔特,False
sz.002791,坚朗五金,False
sz.002792,通宇通讯,False
sz.002793,罗欣药业,False
sz.002795,永和智控,False
sz.002796,世嘉科技,False
sz.002797,第一创业,False
sz.002798,帝欧水华,False
sz.002799,环球印务,False
sz.002800,天顺股份,False
sz.002801,微光股份,False
sz.002802,洪汇新材,False
sz.002803,吉宏股份,False
sz.002805,丰元股份,False
sz.002806,华锋股份,False
sz.002807,江阴银行,False
sz.002808,*ST恒久,False
sz.002809,红墙股份,False
sz.002810,山东赫达,False
sz.002811,郑中设计,False
sz.002812,恩捷股份,False
sz.002813,路畅科技,False
sz.002815,崇达技术,False
sz.002816,*ST和科,False
sz.002817,黄山胶囊,False
sz.002818,富森美,False
sz.002819,东方中科,False
sz.002820,桂发祥,False
sz.002821,凯莱英,False
sz.002822,ST中装,False
sz.002823,凯中精密,False
sz.002824,和胜股份,False
sz.002825,纳尔股份,False
sz.002826,易明医药,False
sz.002827,高争民爆,False
sz.002828,贝肯能源,False
sz.002829,星网宇达,False
sz.002830,名雕股份,False
sz.002831,裕同科技,False
sz.002832,比音勒芬,False
sz.002833,弘亚数控,False
sz.002835,同为股份,False
sz.002836,新宏泽,False
sz.002837,英维克,False
sz.002838,道恩股份,False
sz.002839,张家港行,False
sz.002840,华统股份,False
sz.002841,视源股份,False
sz.002842,翔鹭钨业,False
sz.002843,泰嘉股份,False
sz.002845,同兴达,False
sz.002846,英联股份,False
sz.002847,盐津铺子,False
sz.002848,*ST高斯,False
sz.002849,威星智能,False
sz.002850,科达利,False
sz.002851,麦格米特,False
sz.002852,道道全,False
sz.002853,皮阿诺,False
sz.002855,捷荣技术,False
sz.002856,美芝股份,False
sz.002857,三晖电气,False
sz.002858,力盛体育,False
sz.002859,洁美科技,False
sz.002860,星帅尔,False
sz.002861,瀛通通讯,False
sz.002862,实丰文化,False
sz.002863,今飞凯达,False
sz.002864,盘龙药业,False
sz.002865,钧达股份,False
sz.002866,传艺科技,False
sz.002867,周大生,False
sz.002868,*ST绿康,False
sz.002869,金溢科技,False
sz.002870,香山股份,False
sz.002871,伟隆股份,False
sz.002872,ST天圣,False
sz.002873,新天药业,False
sz.002875,安奈儿,False
sz.002876,三利谱,False
sz.002877,智能自控,False
sz.002878,元隆雅图,False
sz.002879,长缆科技,False
sz.002880,卫光生物,False
sz.002881,美格智能,False
sz.002882,金龙羽,False
sz.002883,中设股份,False
sz.002884,凌霄泵业,False
sz.002885,京泉华,False
sz.002886,沃特股份,False
sz.002887,绿茵生态,False
sz.002888,惠威科技,False
sz.002889,东方嘉盛,False
sz.002890,弘宇股份,False
sz.002891,中宠股份,False
sz.002892,科力尔,False
sz.002893,京能热力,False
sz.002895,川恒股份,False
sz.002896,中大力德,False
sz.002897,意华股份,False
sz.002898,*ST赛隆,False
sz.002899,英派斯,False
sz.002900,哈三联,False
sz.002901,大博医疗,False
sz.002902,铭普光磁,False
sz.002903,宇环数控,False
sz.002905,金逸影视,False
sz.002906,华阳集团,False
sz.002907,华森制药,False
sz.002908,德生科技,False
sz.002909,集泰股份,False
sz.002910,庄园牧场,False
sz.002911,佛燃能源,False
sz.002912,中新赛克,False
sz.002913,奥士康,False
sz.002915,中欣氟材,False
sz.002916,深南电路,False
sz.002917,金奥博,False
sz.002918,蒙娜丽莎,False
sz.002919,名臣健康,False
sz.002920,德赛西威,False
sz.002921,联诚精密,False
sz.002922,伊戈尔,False
sz.002923,润都股份,False
sz.002925,盈趣科技,False
sz.002926,华西证券,False
sz.002927,泰永长征,False
sz.002928,华夏航空,False
sz.002929,润建股份,False
sz.002930,宏川智慧,False
sz.002931,锋龙股份,False
sz.002932,明德生物,False
sz.002933,新兴装备,False
sz.002935,天奥电子,False
sz.002936,郑州银行,False
sz.002937,兴瑞科技,False
sz.002938,鹏鼎控股,False
sz.002939,长城证券,False
sz.002940,昂利康,False
sz.002941,新疆交建,False
sz.002942,新农股份,False
sz.002943,宇晶股份,False
sz.002945,华林证券,False
sz.002946,新乳业,False
sz.002947,恒铭达,False
sz.002948,青岛银行,False
sz.002949,华阳国际,False
sz.002950,奥美医疗,False
sz.002951,金时科技,False
sz.002952,亚世光电,False
sz.002953,日丰股份,False
sz.002955,鸿合科技,False
sz.002956,西麦食品,False
sz.002957,科瑞技术,False
sz.002958,青农商行,False
sz.002959,小熊电器,False
sz.002960,青鸟消防,False
sz.002961,瑞达期货,False
sz.002962,五方光电,False
sz.002963,豪尔赛,False
sz.002965,祥鑫科技,False
sz.002966,苏州银行,False
sz.002967,广电计量,False
sz.002968,新大正,False
sz.002969,嘉美包装,False
sz.002970,锐明技术,False
sz.002971,和远气体,False
sz.002972,科安达,False
sz.002973,侨银股份,False
sz.002975,博杰股份,False
sz.002976,瑞玛精密,False
sz.002977,天箭科技,False
sz.002978,安宁股份,False
sz.002979,雷赛智能,False
sz.002980,华盛昌,False
sz.002981,朝阳科技,False
sz.002982,湘佳股份,False
sz.002983,芯瑞达,False
sz.002984,森麒麟,False
sz.002985,北摩高科,False
sz.002986,宇新股份,False
sz.002987,京北方,False
sz.002988,豪美新材,False
sz.002989,中天精装,False
sz.002990,盛视科技,False
sz.002991,甘源食品,False
sz.002992,宝明科技,False
sz.002993,奥海科技,False
sz.002995,天地在线,False
sz.002996,顺博合金,False
sz.002997,瑞鹄模具,False
sz.002998,优彩资源,False
sz.002999,天禾股份,False
sz.003000,劲仔食品,False
sz.003001,中岩大地,False
sz.003002,壶化股份,False
sz.003003,天元股份,False
sz.003004,*ST声迅,False
sz.003005,竞业达,False
sz.003006,百亚股份,False
sz.003007,直真科技,False
sz.003008,开普检测,False
sz.003009,中天火箭,False
sz.003010,若羽臣,False
sz.003011,海象新材,False
sz.003012,东鹏控股,False
sz.003013,地铁设计,False
sz.003015,日久光电,False
sz.003016,欣贺股份,False
sz.003017,大洋生物,False
sz.003018,金富科技,False
sz.003019,宸展光电,False
sz.003020,立方制药,False
sz.003021,兆威机电,False
sz.003022,联泓新科,False
sz.003023,彩虹集团,False
sz.003025,思进智能,False
sz.003026,中晶科技,False
sz.003027,同兴科技,False
sz.003028,振邦智能,False
sz.003029,吉大正元,False
sz.003030,祖名股份,False
sz.003031,中瓷电子,False
sz.003032,*ST传智,False
sz.003033,征和工业,False
sz.003035,南网能源,False
sz.003036,泰坦股份,False
sz.003037,三和管桩,False
sz.003038,鑫铂股份,False
sz.003039,顺控发展,False
sz.003040,楚天龙,False
sz.003041,真爱美家,False
sz.003042,中农联合,False
sz.003043,华亚智能,False
sz.003816,中国广核,False
